,p,r2_y_c,r2_yhat_c,r2_y_yhat,n,c_to_y_ratio_in_yhat,yc_in_yhat,cov_y_c,num_perms,random_seed,y_to_c_ratio_in_yhat
0,0.146,0.04305130263392676,0.0011708060368407214,0.04305130263392676,50,,0,0,1000,1019282514,0.0
1,1.0,0.0,0.026731882779496008,0.0,50,,0,0,1000,1679872250,0.0
2,0.149,0.04132764688367563,0.022467393203804198,0.04132764688367563,50,,0,0,1000,1837932928,0.0
3,0.275,0.015276271523723794,0.0627315114017728,0.015276271523723794,50,,0,0,1000,1442006727,0.0
4,0.325,0.010529034332790621,0.005400858821209664,0.010529034332790621,50,,0,0,1000,221822463,0.0
5,0.306,0.016437807745110056,0.0011505682232687553,0.016437807745110056,50,,0,0,1000,509771608,0.0
6,0.983,0.0010684945199592732,0.025230812366233146,0.0010684945199592732,50,,0,0,1000,1530295774,0.0
7,0.201,0.024346794148330075,0.05360053207522719,0.024346794148330075,50,,0,0,1000,385390263,0.0
8,0.59,0.005652123517150831,0.00873780289065118,0.005652123517150831,50,,0,0,1000,1825954996,0.0
9,0.507,0.006887875344320671,0.005128606604622443,0.006887875344320671,50,,0,0,1000,744368653,0.0
10,0.37,0.01177468879991117,0.004073426408703673,0.01177468879991117,50,,0,0,1000,62625325,0.0
11,0.365,0.012761019175835053,7.637478606437043e-06,0.012761019175835053,50,,0,0,1000,326653715,0.0
12,0.365,0.017880725796956543,0.039446022650973855,0.017880725796956543,50,,0,0,1000,283920944,0.0
13,0.248,0.020695787298056767,0.07662927742549941,0.020695787298056767,50,,0,0,1000,668789807,0.0
14,0.446,0.0050648432727807835,0.025748516149189493,0.0050648432727807835,50,,0,0,1000,2027587152,0.0
15,0.346,0.013489386253964564,0.00047223640363802666,0.013489386253964564,50,,0,0,1000,513262592,0.0
16,0.138,0.041327646883675406,0.012273141229930062,0.041327646883675406,50,,0,0,1000,1975749735,0.0
17,0.524,0.005652123517151275,0.013696045439282045,0.005652123517151275,50,,0,0,1000,1167280423,0.0
18,0.873,0.00019947273234743879,0.04592294910287731,0.00019947273234743879,50,,0,0,1000,2007660583,0.0
19,0.981,0.0008286528271271854,0.002026083767600162,0.0008286528271271854,50,,0,0,1000,1970764024,0.0
20,0.724,0.003689095383067942,0.007685863524766745,0.003689095383067942,50,,0,0,1000,63871913,0.0
21,0.887,0.0005934147038394455,0.0003816503407647609,0.0005934147038394455,50,,0,0,1000,954051228,0.0
22,0.546,0.005047262580820222,0.004323028026772091,0.005047262580820222,50,,0,0,1000,1156649634,0.0
23,0.133,0.03482541393517591,0.0007654561475270993,0.03482541393517591,50,,0,0,1000,1632697641,0.0
24,0.138,0.02814807309559697,0.0029979968322367823,0.02814807309559697,50,,0,0,1000,1572200133,0.0
25,0.845,0.00024997548054994656,0.0029801052550894047,0.00024997548054994656,50,,0,0,1000,1235406039,0.0
26,0.395,0.016574619136299984,0.0007037524037397658,0.016574619136299984,50,,0,0,1000,1407710297,0.0
27,0.779,0.003110148099007226,0.0266137435612962,0.003110148099007226,50,,0,0,1000,1099262776,0.0
28,0.955,7.480943316928723e-06,0.002752780546730449,7.480943316928723e-06,50,,0,0,1000,92382466,0.0
29,0.45,0.010529034332790621,7.717382131788852e-05,0.010529034332790621,50,,0,0,1000,1411240924,0.0
30,0.547,0.010529034332790399,0.004448572931334938,0.010529034332790399,50,,0,0,1000,1772108105,0.0
31,0.379,0.012911395676091453,0.020050258662506315,0.012911395676091453,50,,0,0,1000,2033087279,0.0
32,0.438,0.010529034332790732,0.00934325480340159,0.010529034332790732,50,,0,0,1000,954521694,0.0
33,0.406,0.011774688799910948,0.009671375911295965,0.011774688799910948,50,,0,0,1000,1965599707,0.0
34,0.873,0.0001604426050009211,0.003727516688494359,0.0001604426050009211,50,,0,0,1000,121509168,0.0
35,0.984,0.00115446400479835,0.014772412626719578,0.00115446400479835,50,,0,0,1000,1546692160,0.0
36,0.201,0.019562250629877265,0.009081702473187847,0.019562250629877265,50,,0,0,1000,1779326814,0.0
37,0.768,0.004094072237713298,0.00353718000375125,0.004094072237713298,50,,0,0,1000,263613230,0.0
38,1.0,7.061307094602398e-11,0.048544960005420634,7.061307094602398e-11,50,,0,0,1000,575081790,0.0
39,0.579,0.0021195101237151404,7.412435494291714e-07,0.0021195101237151404,50,,0,0,1000,1952795859,0.0
40,0.082,0.04669204855955078,0.08863679623210985,0.04669204855955078,50,,0,0,1000,1317866667,0.0
41,0.363,0.010742659802318588,0.0030212959894867497,0.010742659802318588,50,,0,0,1000,1531761554,0.0
42,0.728,0.0012542665419543741,0.0048262223786583736,0.0012542665419543741,50,,0,0,1000,673934066,0.0
43,0.209,0.02844655845744004,0.035486069335935455,0.02844655845744004,50,,0,0,1000,758712243,0.0
44,0.031,0.07788038826060273,0.010194619614083522,0.07788038826060273,50,,0,0,1000,916824962,0.0
45,0.977,0.0011673051464383688,0.0025362250361939953,0.0011673051464383688,50,,0,0,1000,475381739,0.0
46,0.416,0.018597948888614213,0.04328642178234643,0.018597948888614213,50,,0,0,1000,2017410956,0.0
47,0.678,0.004634357655876609,0.040395834057653124,0.004634357655876609,50,,0,0,1000,1962968207,0.0
48,0.085,0.043711937372077014,2.795255154675047e-05,0.043711937372077014,50,,0,0,1000,1516260517,0.0
49,0.23,0.02924308358145189,0.06273939300995557,0.02924308358145189,50,,0,0,1000,1751674605,0.0
50,0.925,7.454883724999917e-06,0.014875500109092443,7.454883724999917e-06,50,,0,0,1000,275394254,0.0
51,0.426,0.005322215610266023,0.0007584583376396559,0.005322215610266023,50,,0,0,1000,730817417,0.0
52,0.483,0.010689532408306612,0.0129848693185457,0.010689532408306612,50,,0,0,1000,1547586068,0.0
53,0.575,0.008604853372810806,0.00026798084294832325,0.008604853372810806,50,,0,0,1000,2067636100,0.0
54,0.989,0.0011673051464384798,0.0013812200065280722,0.0011673051464384798,50,,0,0,1000,632632655,0.0
55,0.067,0.057712412730644536,0.0004770310857563631,0.057712412730644536,50,,0,0,1000,1468421546,0.0
56,0.565,0.005652123517151275,0.017193908876123598,0.005652123517151275,50,,0,0,1000,1005374725,0.0
57,0.765,0.001254266541954152,0.09638208215828536,0.001254266541954152,50,,0,0,1000,78165742,0.0
58,0.566,0.008348667528537801,0.005490338106457049,0.008348667528537801,50,,0,0,1000,1080121834,0.0
59,0.987,0.0005536045536220779,0.03401389438916547,0.0005536045536220779,50,,0,0,1000,826541444,0.0
60,0.464,0.007566438107135975,0.011029182284679306,0.007566438107135975,50,,0,0,1000,215117809,0.0
61,0.428,0.010529034332790732,0.009085197027359104,0.010529034332790732,50,,0,0,1000,305128647,0.0
62,0.829,7.061351503523383e-11,0.047730688459688975,7.061351503523383e-11,50,,0,0,1000,631354571,0.0
63,0.616,0.01017805007759598,0.0032882046060171977,0.01017805007759598,50,,0,0,1000,760648162,0.0
64,0.235,0.03040427922089295,9.508339198993632e-05,0.03040427922089295,50,,0,0,1000,553576721,0.0
65,0.036,0.06383251203363183,0.04647074677421914,0.06383251203363183,50,,0,0,1000,2078160693,0.0
66,0.338,0.011774688799910726,0.05070313473232446,0.011774688799910726,50,,0,0,1000,2019846921,0.0
67,0.326,0.012911395676091453,0.010744712269020074,0.012911395676091453,50,,0,0,1000,1279013547,0.0
68,0.127,0.04305130263392698,0.01712038865533827,0.04305130263392698,50,,0,0,1000,1134490754,0.0
69,0.841,3.094723735630467e-05,0.00921655975278679,3.094723735630467e-05,50,,0,0,1000,849951427,0.0
70,0.117,0.03582287220195057,0.018005599427234786,0.03582287220195057,50,,0,0,1000,1243751187,0.0
71,1.0,0.0,0.0007556750334346551,0.0,50,,0,0,1000,394876318,0.0
72,0.729,0.0035276443860977613,0.000989655722332894,0.0035276443860977613,50,,0,0,1000,1285457632,0.0
73,0.879,0.0003974389373179177,0.05691740663105882,0.0003974389373179177,50,,0,0,1000,595765758,0.0
74,0.326,0.01796342503193149,0.11618316231744175,0.01796342503193149,50,,0,0,1000,1201503691,0.0
75,0.004,0.1291956510253256,5.6448662749675194e-05,0.1291956510253256,50,,0,0,1000,1542418348,0.0
76,0.546,0.005652123517151275,4.8480114030025057e-05,0.005652123517151275,50,,0,0,1000,244592230,0.0
77,0.11,0.04118419421645236,7.705220243325872e-05,0.04118419421645236,50,,0,0,1000,1969263265,0.0
78,0.952,0.0012072266433755807,0.010535766001606883,0.0012072266433755807,50,,0,0,1000,1096437208,0.0
79,0.552,0.005064843272780339,0.01248664342219774,0.005064843272780339,50,,0,0,1000,908217484,0.0
80,0.743,0.004296880834103067,0.0231664499608214,0.004296880834103067,50,,0,0,1000,152089541,0.0
81,0.563,0.0022243461164637157,0.015484067111883104,0.0022243461164637157,50,,0,0,1000,394114712,0.0
82,0.759,0.0015816482997025316,0.0002667536119512759,0.0015816482997025316,50,,0,0,1000,941097907,0.0
83,0.066,0.06465605580943556,0.007182958590919664,0.06465605580943556,50,,0,0,1000,1075348184,0.0
84,0.517,0.010529034332790399,0.00029666988568877173,0.010529034332790399,50,,0,0,1000,501147184,0.0
85,0.02,0.09400833253776075,6.728847603476584e-05,0.09400833253776075,50,,0,0,1000,1768542267,0.0
86,0.178,0.02924308358145189,0.00685076984566424,0.02924308358145189,50,,0,0,1000,613563948,0.0
87,0.287,0.02144978549828691,0.0019423621117715673,0.02144978549828691,50,,0,0,1000,780420734,0.0
88,0.402,0.0167762441422471,0.001066746189288148,0.0167762441422471,50,,0,0,1000,1530635368,0.0
89,0.235,0.0246575974259996,0.009553065046822629,0.0246575974259996,50,,0,0,1000,1049747644,0.0
90,0.036,0.08299692290148442,0.02571117075912699,0.08299692290148442,50,,0,0,1000,2133868785,0.0
91,0.73,0.004629007386573125,0.11478828868464619,0.004629007386573125,50,,0,0,1000,1227640767,0.0
92,0.103,0.04708794050207199,0.009441768036260068,0.04708794050207199,50,,0,0,1000,1400720309,0.0
93,0.319,0.017880725796956765,0.08155965743259364,0.017880725796956765,50,,0,0,1000,1875327350,0.0
94,0.498,0.009464015712111196,0.0041869034587002085,0.009464015712111196,50,,0,0,1000,998633014,0.0
95,0.998,0.0005614588442767188,0.022187363662189208,0.0005614588442767188,50,,0,0,1000,1495616662,0.0
96,0.501,0.006443875237955199,0.0031828537075534458,0.006443875237955199,50,,0,0,1000,2077593581,0.0
97,0.362,0.019915635084408634,0.0045312869152143165,0.019915635084408634,50,,0,0,1000,1777051770,0.0
98,1.0,0.0,0.010130240024291748,0.0,50,,0,0,1000,1966510930,0.0
99,0.782,0.0001426415054406327,0.003770914327466679,0.0001426415054406327,50,,0,0,1000,504192306,0.0
100,0.957,3.0408366386902586e-05,0.013053742075257557,3.0408366386902586e-05,100,,0,0,1000,1604458567,0.0
101,0.457,0.006934385360517714,0.009351167855688014,0.006934385360517714,100,,0,0,1000,774880851,0.0
102,0.834,0.0011326939581748352,8.626434494507507e-06,0.0011326939581748352,100,,0,0,1000,227552889,0.0
103,0.828,0.00042352316165505943,0.00010637072504238176,0.00042352316165505943,100,,0,0,1000,16906905,0.0
104,0.542,0.0033569051839534847,0.010914184078580691,0.0033569051839534847,100,,0,0,1000,55384970,0.0
105,0.068,0.02876914887829729,0.0011674091169071588,0.02876914887829729,100,,0,0,1000,2132110259,0.0
106,0.224,0.011123582688802425,0.005923103582613165,0.011123582688802425,100,,0,0,1000,216666703,0.0
107,0.238,0.013803600106990221,0.0027162875681873144,0.013803600106990221,100,,0,0,1000,296224385,0.0
108,1.0,1.1554649059775102e-07,0.0515947353525652,1.1554649059775102e-07,100,,0,0,1000,1619298557,0.0
109,0.035,0.03522529796751317,0.002050576485740696,0.03522529796751317,100,,0,0,1000,1541312302,0.0
110,0.231,0.014053262313522663,0.000205262119928884,0.014053262313522663,100,,0,0,1000,62559325,0.0
111,0.519,0.004634357655876831,0.0005575120406715595,0.004634357655876831,100,,0,0,1000,1681594616,0.0
112,0.293,0.009887495071359442,0.0006956267829449914,0.009887495071359442,100,,0,0,1000,358777621,0.0
113,0.327,0.007477323727037799,0.010662253315400494,0.007477323727037799,100,,0,0,1000,1754616452,0.0
114,0.841,0.0005536045536223,0.006852662315767977,0.0005536045536223,100,,0,0,1000,46788485,0.0
115,0.627,0.00260020466071198,5.698689823030456e-06,0.00260020466071198,100,,0,0,1000,510160670,0.0
116,0.479,0.0028543301674484045,0.004490786479062092,0.0028543301674484045,100,,0,0,1000,454673985,0.0
117,0.528,0.00283064639153241,0.0252021578265037,0.00283064639153241,100,,0,0,1000,636524282,0.0
118,0.418,0.006396431688334814,0.006775266579024164,0.006396431688334814,100,,0,0,1000,291875639,0.0
119,0.415,0.007075274858516778,0.0006890299463490068,0.007075274858516778,100,,0,0,1000,1384953418,0.0
120,0.323,0.007496689278798208,5.016584999750773e-05,0.007496689278798208,100,,0,0,1000,470824762,0.0
121,0.132,0.015175199108343307,0.001260318973961283,0.015175199108343307,100,,0,0,1000,528486959,0.0
122,0.725,0.0002886737552090235,0.0019177910206024107,0.0002886737552090235,100,,0,0,1000,185433238,0.0
123,0.585,0.0015816482997030867,0.0376652154971121,0.0015816482997030867,100,,0,0,1000,1530812528,0.0
124,0.224,0.011710214183763168,0.00014586019481943602,0.011710214183763168,100,,0,0,1000,647861397,0.0
125,1.0,3.184234725517321e-05,0.011299757411134204,3.184234725517321e-05,100,,0,0,1000,563383994,0.0
126,0.631,0.0012957310977941283,0.000500434886855361,0.0012957310977941283,100,,0,0,1000,1179513918,0.0
127,0.743,0.0008928287776706068,0.004608746731805224,0.0008928287776706068,100,,0,0,1000,781409813,0.0
128,0.318,0.008360326388083594,0.002029418399430827,0.008360326388083594,100,,0,0,1000,244280760,0.0
129,0.467,0.0053473660142965285,0.008568030441978736,0.0053473660142965285,100,,0,0,1000,1149967382,0.0
130,0.719,0.0009859591824542546,0.0006463110308516651,0.0009859591824542546,100,,0,0,1000,1027204489,0.0
131,0.928,1.1554649059775102e-07,7.568217694320367e-06,1.1554649059775102e-07,100,,0,0,1000,1858402418,0.0
132,0.692,0.00028875708357567476,0.0012130436922438426,0.00028875708357567476,100,,0,0,1000,1713922561,0.0
133,0.007,0.0558557374705535,0.00011044557211437045,0.0558557374705535,100,,0,0,1000,1192757155,0.0
134,0.739,0.0012542665419543741,0.024171254412810317,0.0012542665419543741,100,,0,0,1000,1524823068,0.0
135,0.717,0.00044844191331716576,0.009931682045272505,0.00044844191331716576,100,,0,0,1000,1513983115,0.0
136,0.852,0.0005078564356608695,0.0004770693160603967,0.0005078564356608695,100,,0,0,1000,28269538,0.0
137,0.428,0.007230548171068496,0.017483943280614755,0.007230548171068496,100,,0,0,1000,1996779031,0.0
138,1.0,0.00026676939343450723,0.001245415833063701,0.00026676939343450723,100,,0,0,1000,2063599293,0.0
139,0.564,0.00243537062871646,0.00141587505735985,0.00243537062871646,100,,0,0,1000,1990083466,0.0
140,0.679,0.0022243461164637157,0.00038705439634190153,0.0022243461164637157,100,,0,0,1000,661943137,0.0
141,0.427,0.00504726258082,0.03080813755102696,0.00504726258082,100,,0,0,1000,1403562992,0.0
142,0.027,0.03555224081617114,0.002138448694905981,0.03555224081617114,100,,0,0,1000,363122471,0.0
143,0.641,0.00260020466071198,0.011240728704587699,0.00260020466071198,100,,0,0,1000,491222027,0.0
144,0.813,0.0009884739206464932,0.003987565338469112,0.0009884739206464932,100,,0,0,1000,432298836,0.0
145,1.0,0.00018818126810193903,0.0023465263289764726,0.00018818126810193903,100,,0,0,1000,1304709030,0.0
146,0.996,7.480943316928723e-06,0.003236167579663607,7.480943316928723e-06,100,,0,0,1000,1467770045,0.0
147,0.479,0.0032260182965292428,0.0016403351924617615,0.0032260182965292428,100,,0,0,1000,1549830519,0.0
148,0.145,0.017521134503545865,0.002660677400036837,0.017521134503545865,100,,0,0,1000,1514058593,0.0
149,0.673,0.0022308263179281473,0.00020777170655950083,0.0022308263179281473,100,,0,0,1000,987229037,0.0
150,0.995,4.9773644172024234e-05,5.3957298481233096e-05,4.9773644172024234e-05,100,,0,0,1000,432725415,0.0
151,0.53,0.0033569051839529296,0.007282767744749452,0.0033569051839529296,100,,0,0,1000,1591096261,0.0
152,0.378,0.005799921086239057,0.0015266482195168685,0.005799921086239057,100,,0,0,1000,264695457,0.0
153,0.231,0.01235587460451859,0.0006132441857402693,0.01235587460451859,100,,0,0,1000,1042393695,0.0
154,0.5,0.002829138798500108,0.0017861190760005696,0.002829138798500108,100,,0,0,1000,729062470,0.0
155,0.698,0.002435370628716127,0.03405055465809115,0.002435370628716127,100,,0,0,1000,1017936139,0.0
156,0.475,0.004673088429595906,0.00015622395759151697,0.004673088429595906,100,,0,0,1000,1846930476,0.0
157,0.034,0.04046580039545178,0.010345584915067652,0.04046580039545178,100,,0,0,1000,373277956,0.0
158,0.179,0.018249750335929682,0.00025639328966031716,0.018249750335929682,100,,0,0,1000,2017905715,0.0
159,0.167,0.017569391184017236,0.02101947751758748,0.017569391184017236,100,,0,0,1000,1202071144,0.0
160,0.571,0.001167305146439146,0.0027466669780645825,0.001167305146439146,100,,0,0,1000,1778608981,0.0
161,0.238,0.01378364540060606,0.0008326728738090594,0.01378364540060606,100,,0,0,1000,17804671,0.0
162,0.638,0.00264384172368759,0.009443788911802642,0.00264384172368759,100,,0,0,1000,572750107,0.0
163,0.097,0.023916449404782658,0.01922838494773582,0.023916449404782658,100,,0,0,1000,207565000,0.0
164,0.691,0.0025994543450958973,0.018234395076498044,0.0025994543450958973,100,,0,0,1000,1306816430,0.0
165,0.217,0.010742659802318366,0.00038889346386605794,0.010742659802318366,100,,0,0,1000,901143153,0.0
166,0.156,0.018385671031149298,0.022790770218227507,0.018385671031149298,100,,0,0,1000,1806904980,0.0
167,0.773,0.0004494165694105545,4.148917562840637e-06,0.0004494165694105545,100,,0,0,1000,1821178177,0.0
168,0.504,0.003259527755140823,0.0035483543825948205,0.003259527755140823,100,,0,0,1000,1654157772,0.0
169,1.0,0.00018818126810193903,0.001046819365232321,0.00018818126810193903,100,,0,0,1000,160858905,0.0
170,0.009,0.04745703732971929,0.002152289218511183,0.04745703732971929,100,,0,0,1000,1320129680,0.0
171,0.322,0.006924360903233895,0.01653447312728884,0.006924360903233895,100,,0,0,1000,1128253970,0.0
172,0.448,0.002883531345493129,0.004538840004938871,0.002883531345493129,100,,0,0,1000,1403243158,0.0
173,0.138,0.014685593320845625,8.609709449824976e-07,0.014685593320845625,100,,0,0,1000,123756764,0.0
174,0.972,0.00018818126810205005,0.00039333519106454773,0.00018818126810205005,100,,0,0,1000,2100794139,0.0
175,0.679,0.0015816482997028647,0.0028843575131184407,0.0015816482997028647,100,,0,0,1000,409471048,0.0
176,1.0,5.224493004574171e-05,0.003099688021775404,5.224493004574171e-05,100,,0,0,1000,834406432,0.0
177,0.111,0.018661630955117303,0.0016725121068555948,0.018661630955117303,100,,0,0,1000,417687536,0.0
178,0.823,0.0006531190223761918,0.008062356212684807,0.0006531190223761918,100,,0,0,1000,1290239217,0.0
179,0.825,0.001090831005232662,0.0024914961899550336,0.001090831005232662,100,,0,0,1000,1616085243,0.0
180,0.936,7.061284890141906e-11,0.0005149824438793749,7.061284890141906e-11,100,,0,0,1000,47259107,0.0
181,0.649,0.0019971963037406226,0.0042936232838043376,0.0019971963037406226,100,,0,0,1000,914447942,0.0
182,0.228,0.013803600106990555,0.022312073648302677,0.013803600106990555,100,,0,0,1000,1871798527,0.0
183,0.671,0.0013855253937423706,0.0023621944569826026,0.0013855253937423706,100,,0,0,1000,168628923,0.0
184,0.384,0.006782321584665407,0.013800610617683673,0.006782321584665407,100,,0,0,1000,1388926771,0.0
185,0.483,0.003412030132872834,0.0006770120196586404,0.003412030132872834,100,,0,0,1000,760812298,0.0
186,0.895,0.0002667693934349513,0.0014568299463060264,0.0002667693934349513,100,,0,0,1000,1931678383,0.0
187,0.69,0.002412943501312159,0.0006356081387798307,0.002412943501312159,100,,0,0,1000,672815658,0.0
188,0.399,0.00713204302726933,0.01060742649839519,0.00713204302726933,100,,0,0,1000,1235241491,0.0
189,0.821,0.00033899606510534586,0.002989529165254634,0.00033899606510534586,100,,0,0,1000,298894897,0.0
190,0.956,6.821021791236781e-05,1.1564757564141992e-05,6.821021791236781e-05,100,,0,0,1000,2055613399,0.0
191,0.815,0.0009884739206462712,0.0010516351759392029,0.0009884739206462712,100,,0,0,1000,1279573029,0.0
192,0.423,0.006711155313781969,6.54059985325528e-05,0.006711155313781969,100,,0,0,1000,418240104,0.0
193,0.511,0.003673908216575872,0.0014983595049531395,0.003673908216575872,100,,0,0,1000,993845577,0.0
194,0.076,0.02836310059818592,0.030833634693230194,0.02836310059818592,100,,0,0,1000,391434283,0.0
195,0.187,0.01088462721712069,4.143671628487056e-06,0.01088462721712069,100,,0,0,1000,1214915002,0.0
196,0.215,0.01248991610765271,0.006946304666760605,0.01248991610765271,100,,0,0,1000,1943521344,0.0
197,0.186,0.011084971480115446,3.516344448506459e-05,0.011084971480115446,100,,0,0,1000,687299420,0.0
198,1.0,0.0003255455724338052,4.016881329071964e-05,0.0003255455724338052,100,,0,0,1000,1356741974,0.0
199,0.543,0.0028543301674484045,0.014182534487402698,0.0028543301674484045,100,,0,0,1000,2141942839,0.0
200,0.222,0.001998451779870236,0.000530408348095257,0.001998451779870236,500,,0,0,1000,1987094495,0.0
201,0.691,0.00019708154920117238,0.007890853728753089,0.00019708154920117238,500,,0,0,1000,678307382,0.0
202,0.705,0.0002709873581682176,0.00039554097789706866,0.0002709873581682176,500,,0,0,1000,13467750,0.0
203,0.018,0.007976613907046293,0.0036763660479536275,0.007976613907046293,500,,0,0,1000,1492181559,0.0
204,0.653,0.00024412756676228664,0.00046156945923037096,0.00024412756676228664,500,,0,0,1000,1962174692,0.0
205,0.694,0.00028062357826119655,0.007422122824119692,0.00028062357826119655,500,,0,0,1000,1537561946,0.0
206,0.697,0.00020923376495485257,0.0016864481561452704,0.00020923376495485257,500,,0,0,1000,969950582,0.0
207,0.528,0.0004376801165816291,0.0029546105462288086,0.0004376801165816291,500,,0,0,1000,112975195,0.0
208,0.234,0.0020381052731990312,0.00571028867421397,0.0020381052731990312,500,,0,0,1000,2030309312,0.0
209,0.788,0.0001790124353758804,0.010724973595881648,0.0001790124353758804,500,,0,0,1000,125548542,0.0
210,0.385,0.0012215352831597137,0.0012871217682074443,0.0012215352831597137,500,,0,0,1000,243813787,0.0
211,0.527,0.0006705030340470319,0.0021477903063369386,0.0006705030340470319,500,,0,0,1000,477234878,0.0
212,0.435,0.001148158623471729,0.00014569072003056682,0.001148158623471729,500,,0,0,1000,1652019617,0.0
213,0.741,0.00022249326256384983,0.00016565071907137519,0.00022249326256384983,500,,0,0,1000,1725043488,0.0
214,0.925,4.527987060343186e-05,0.0011265182150868025,4.527987060343186e-05,500,,0,0,1000,799058926,0.0
215,0.0,0.019483321762090333,0.00016795544114101002,0.019483321762090333,500,,0,0,1000,1736056610,0.0
216,0.444,0.0009242830703798388,0.0029532178126344677,0.0009242830703798388,500,,0,0,1000,1157098618,0.0
217,0.394,0.0013979430750261645,0.0026953195125302143,0.0013979430750261645,500,,0,0,1000,410387912,0.0
218,0.914,2.7181070085813275e-05,0.00021979322699094972,2.7181070085813275e-05,500,,0,0,1000,1478705244,0.0
219,0.278,0.0018540552582081427,0.0004639157573530506,0.0018540552582081427,500,,0,0,1000,1068938667,0.0
220,0.024,0.008018939114928458,0.0027679355635067404,0.008018939114928458,500,,0,0,1000,2016747450,0.0
221,0.45,0.0008413294067554089,3.81878153735693e-05,0.0008413294067554089,500,,0,0,1000,1040501257,0.0
222,0.1,0.004092662326106722,0.0018565868781953432,0.004092662326106722,500,,0,0,1000,565550551,0.0
223,0.777,0.00017932236228801468,0.00980391621570842,0.00017932236228801468,500,,0,0,1000,1139690804,0.0
224,0.962,4.7457376155524145e-06,0.00010231599346721687,4.7457376155524145e-06,500,,0,0,1000,627156227,0.0
225,0.709,0.0002639468996106231,0.002138717476815266,0.0002639468996106231,500,,0,0,1000,316074790,0.0
226,0.87,1.7332089594868094e-05,2.9171416948692297e-08,1.7332089594868094e-05,500,,0,0,1000,1471331399,0.0
227,0.426,0.0009569702968106331,0.0012657449030815116,0.0009569702968106331,500,,0,0,1000,2086486974,0.0
228,0.477,0.0007900907534655888,0.0012524603826137293,0.0007900907534655888,500,,0,0,1000,472091933,0.0
229,0.785,0.0001733905499293753,0.004745264321814546,0.0001733905499293753,500,,0,0,1000,155353731,0.0
230,0.991,3.7406824436869712e-06,0.00030005248038400545,3.7406824436869712e-06,500,,0,0,1000,483564986,0.0
231,0.102,0.003738682002764837,0.0024842199870501736,0.003738682002764837,500,,0,0,1000,817451988,0.0
232,0.527,0.00042948206681014955,0.00387391685793248,0.00042948206681014955,500,,0,0,1000,867151058,0.0
233,0.979,5.112886516278614e-06,0.0007488120235907836,5.112886516278614e-06,500,,0,0,1000,1468069384,0.0
234,0.643,0.0003268148966474316,0.00013656676778783794,0.0003268148966474316,500,,0,0,1000,251087621,0.0
235,0.234,0.0020244401588551675,0.0012111343166076871,0.0020244401588551675,500,,0,0,1000,1182526639,0.0
236,0.785,0.0001117313311693735,0.0013350411842411036,0.0001117313311693735,500,,0,0,1000,695477852,0.0
237,0.99,3.636518450589321e-06,0.001501665979413036,3.636518450589321e-06,500,,0,0,1000,843009247,0.0
238,0.425,0.0009707484473449046,0.0010411565514908405,0.0009707484473449046,500,,0,0,1000,2029367932,0.0
239,0.094,0.003776395544933475,3.626536696610394e-05,0.003776395544933475,500,,0,0,1000,609764127,0.0
240,0.932,4.359629512473706e-05,0.002112982509339001,4.359629512473706e-05,500,,0,0,1000,1876278600,0.0
241,0.032,0.007398583907782141,2.7149212399102396e-05,0.007398583907782141,500,,0,0,1000,1009486793,0.0
242,1.0,4.759654146813119e-06,0.0038005277364980827,4.759654146813119e-06,500,,0,0,1000,2011300680,0.0
243,0.116,0.0036705196758520797,0.003231265846190934,0.0036705196758520797,500,,0,0,1000,1939166233,0.0
244,0.489,0.000586882795963084,0.002043136503300569,0.000586882795963084,500,,0,0,1000,663377871,0.0
245,0.725,0.0002410370403335138,0.00022984976827178372,0.0002410370403335138,500,,0,0,1000,1581372366,0.0
246,0.628,0.00037173156334646684,0.02384190962334587,0.00037173156334646684,500,,0,0,1000,617659245,0.0
247,0.2,0.0023851442089206643,4.786952288271529e-05,0.0023851442089206643,500,,0,0,1000,1394034251,0.0
248,0.364,0.001284164408782651,0.00011535955968866585,0.001284164408782651,500,,0,0,1000,637645367,0.0
249,0.446,0.0008155474294382348,0.000770470559512404,0.0008155474294382348,500,,0,0,1000,1425822073,0.0
250,0.998,1.161353526779596e-05,0.002525086602377047,1.161353526779596e-05,500,,0,0,1000,2100921707,0.0
251,0.907,3.430005163829186e-05,0.001548364265576918,3.430005163829186e-05,500,,0,0,1000,1549068715,0.0
252,0.655,0.00028875708357556373,0.00038716095163104924,0.00028875708357556373,500,,0,0,1000,1116373564,0.0
253,0.117,0.0035621181832362625,0.0018453352718574845,0.0035621181832362625,500,,0,0,1000,651853129,0.0
254,0.845,4.9590303798141555e-05,1.2014603962051673e-05,4.9590303798141555e-05,500,,0,0,1000,470892203,0.0
255,0.427,0.0011012325387276256,3.557612671378774e-05,0.0011012325387276256,500,,0,0,1000,1698277980,0.0
256,0.151,0.003006786530792116,0.009171102198927694,0.003006786530792116,500,,0,0,1000,1630055221,0.0
257,0.999,4.443669989750987e-07,0.0007066494627925302,4.443669989750987e-07,500,,0,0,1000,1357411248,0.0
258,0.798,0.00012165553235254922,0.0018873121019004069,0.00012165553235254922,500,,0,0,1000,1456714463,0.0
259,0.065,0.0054952302390473,0.0006670471850165338,0.0054952302390473,500,,0,0,1000,1580137769,0.0
260,0.46,0.0009020409003747121,0.0004276773394255029,0.0009020409003747121,500,,0,0,1000,16337649,0.0
261,0.33,0.0015696936478610812,0.0017995389816883867,0.0015696936478610812,500,,0,0,1000,1906065605,0.0
262,0.647,0.0002966651182034763,0.00843626921493934,0.0002966651182034763,500,,0,0,1000,1997411089,0.0
263,0.693,0.00020474098033751442,0.0006689453440048565,0.00020474098033751442,500,,0,0,1000,1325791341,0.0
264,0.205,0.0024686443899228916,0.0012829162450049836,0.0024686443899228916,500,,0,0,1000,336621442,0.0
265,0.196,0.002588756002455006,4.3749221246836e-06,0.002588756002455006,500,,0,0,1000,671007817,0.0
266,0.529,0.0006282115565370283,0.0025944797285615273,0.0006282115565370283,500,,0,0,1000,747075703,0.0
267,0.173,0.0029688620572071445,0.011660864391765058,0.0029688620572071445,500,,0,0,1000,739777774,0.0
268,0.264,0.0016804918168267236,0.00016315853322435014,0.0016804918168267236,500,,0,0,1000,1048847344,0.0
269,0.588,0.0005023436311852869,0.0005100969109983478,0.0005023436311852869,500,,0,0,1000,273392220,0.0
270,0.27,0.001872995035902214,0.00121852442791881,0.001872995035902214,500,,0,0,1000,821841198,0.0
271,0.492,0.0008090685801676045,0.00011413566132500996,0.0008090685801676045,500,,0,0,1000,1950916523,0.0
272,0.262,0.0018363376151800948,2.4307171796689175e-05,0.0018363376151800948,500,,0,0,1000,349760639,0.0
273,0.578,0.00046289676106126,0.003178779723696068,0.00046289676106126,500,,0,0,1000,467644329,0.0
274,0.476,0.0009030677838888224,0.0009691914034029026,0.0009030677838888224,500,,0,0,1000,1978715782,0.0
275,0.547,0.0005257803378083681,0.0031268148782392924,0.0005257803378083681,500,,0,0,1000,1267004105,0.0
276,0.195,0.002527168357921661,0.0006793781619468531,0.002527168357921661,500,,0,0,1000,1146795332,0.0
277,0.031,0.007784942045277576,4.748330810411261e-05,0.007784942045277576,500,,0,0,1000,712763071,0.0
278,0.536,0.0006652004532414768,0.00022794736558273687,0.0006652004532414768,500,,0,0,1000,1284596864,0.0
279,0.856,9.43064194155463e-05,0.0030491215162583574,9.43064194155463e-05,500,,0,0,1000,812493699,0.0
280,0.94,2.683392955216135e-05,0.005556441905561704,2.683392955216135e-05,500,,0,0,1000,248704388,0.0
281,0.025,0.007406768720996326,0.001182178983279658,0.007406768720996326,500,,0,0,1000,596879482,0.0
282,0.692,0.0001981208929889844,0.00039403359810863403,0.0001981208929889844,500,,0,0,1000,2075138894,0.0
283,0.277,0.0017236392145063562,0.0035792080114351865,0.0017236392145063562,500,,0,0,1000,2069770151,0.0
284,0.998,8.159767994619926e-08,0.009124946104250298,8.159767994619926e-08,500,,0,0,1000,1720882266,0.0
285,0.452,0.0008320160157361256,0.0030241484685306075,0.0008320160157361256,500,,0,0,1000,144547492,0.0
286,0.341,0.0014039409082852172,0.006367769237769494,0.0014039409082852172,500,,0,0,1000,1005049248,0.0
287,0.874,8.629996476328117e-05,0.0018824619960564615,8.629996476328117e-05,500,,0,0,1000,1669007539,0.0
288,0.638,0.0004150000154822253,0.0008428074340729452,0.0004150000154822253,500,,0,0,1000,496044269,0.0
289,0.295,0.0015694750602988083,0.000659144819421642,0.0015694750602988083,500,,0,0,1000,1069723213,0.0
290,0.418,0.0011563165850889678,0.00465920587601687,0.0011563165850889678,500,,0,0,1000,1380123804,0.0
291,0.898,1.4504620729827167e-05,3.0115332924296467e-05,1.4504620729827167e-05,500,,0,0,1000,1738259679,0.0
292,0.193,0.0023861552784902873,0.005075329329667477,0.0023861552784902873,500,,0,0,1000,806274340,0.0
293,0.309,0.0015620427034536144,0.006247743854749799,0.0015620427034536144,500,,0,0,1000,1339683599,0.0
294,0.238,0.0020438071756132548,0.0008829583952074671,0.0020438071756132548,500,,0,0,1000,858779360,0.0
295,0.447,0.0009755396166015728,0.0006102316792614415,0.0009755396166015728,500,,0,0,1000,1417216060,0.0
296,0.455,0.00081117817467935,0.0022391173361402394,0.00081117817467935,500,,0,0,1000,633470412,0.0
297,0.664,0.000284746840685135,1.7110489932692374e-06,0.000284746840685135,500,,0,0,1000,2116755562,0.0
298,0.385,0.0009722157835514444,0.004296738390275556,0.0009722157835514444,500,,0,0,1000,546529783,0.0
299,0.374,0.001311840866559555,0.0003846561347063959,0.001311840866559555,500,,0,0,1000,2032764853,0.0
300,0.334,0.0006821665490533979,3.796191186666853e-05,0.0006821665490533979,1000,,0,0,1000,1548149423,0.0
301,0.036,0.003511649491825475,0.0009650832738904436,0.003511649491825475,1000,,0,0,1000,210203277,0.0
302,0.744,7.384451323877439e-05,0.00023537630083703132,7.384451323877439e-05,1000,,0,0,1000,578590728,0.0
303,0.31,0.0007686764483744168,0.0011363946447668916,0.0007686764483744168,1000,,0,0,1000,971733569,0.0
304,0.855,3.0644372043253654e-05,0.00265426356171361,3.0644372043253654e-05,1000,,0,0,1000,671424520,0.0
305,0.112,0.0019309766499367997,9.188356497880079e-08,0.0019309766499367997,1000,,0,0,1000,23439615,0.0
306,0.339,0.0006071088485699594,0.0007039722196493514,0.0006071088485699594,1000,,0,0,1000,160464391,0.0
307,0.353,0.000581906295478829,0.0008600562478277007,0.000581906295478829,1000,,0,0,1000,1445368980,0.0
308,0.789,5.551070538845071e-05,0.0023226865276735342,5.551070538845071e-05,1000,,0,0,1000,1901487125,0.0
309,0.995,1.1336041183529488e-06,0.001899343645325069,1.1336041183529488e-06,1000,,0,0,1000,1141599638,0.0
310,0.888,2.0676290514387574e-05,8.415199482347813e-05,2.0676290514387574e-05,1000,,0,0,1000,841999559,0.0
311,0.929,4.760086437460842e-06,4.784687864245463e-05,4.760086437460842e-06,1000,,0,0,1000,403682153,0.0
312,0.89,1.8258350704680737e-05,0.0002753515193145706,1.8258350704680737e-05,1000,,0,0,1000,754349477,0.0
313,0.801,4.6609373460126946e-05,7.128321556781891e-05,4.6609373460126946e-05,1000,,0,0,1000,393531159,0.0
314,0.999,8.152160579921741e-08,7.85649064398708e-05,8.152160579921741e-08,1000,,0,0,1000,2009165302,0.0
315,0.996,7.916001187879829e-11,2.5110611692413798e-05,7.916001187879829e-11,1000,,0,0,1000,2101481335,0.0
316,0.404,0.00046728048858701854,2.1744981028248844e-05,0.00046728048858701854,1000,,0,0,1000,1919733716,0.0
317,0.999,1.6731143648307523e-07,0.00028648035469036603,1.6731143648307523e-07,1000,,0,0,1000,1495143244,0.0
318,0.553,0.00028676377307967904,0.0032463352637748244,0.00028676377307967904,1000,,0,0,1000,1836871218,0.0
319,0.885,1.2408872506419755e-05,6.743056983449236e-06,1.2408872506419755e-05,1000,,0,0,1000,516702213,0.0
320,0.697,0.00012973443741171042,7.123969996114532e-05,0.00012973443741171042,1000,,0,0,1000,2113976509,0.0
321,0.965,7.843438387666879e-07,0.00165937850668052,7.843438387666879e-07,1000,,0,0,1000,327671161,0.0
322,0.35,0.000666975837105066,0.00031065847774292,0.000666975837105066,1000,,0,0,1000,420235834,0.0
323,0.35,0.0006403532674964518,0.00010402282613730662,0.0006403532674964518,1000,,0,0,1000,1102015340,0.0
324,0.293,0.0007475388436571917,0.0007147935655502646,0.0007475388436571917,1000,,0,0,1000,128522697,0.0
325,0.158,0.0015374843958909645,0.00022449126016033105,0.0015374843958909645,1000,,0,0,1000,810170410,0.0
326,0.947,9.468129330003627e-06,0.004196317637035429,9.468129330003627e-06,1000,,0,0,1000,482705854,0.0
327,0.473,0.0004095929039056312,4.150098273592029e-05,0.0004095929039056312,1000,,0,0,1000,1511069959,0.0
328,0.283,0.0009112690311754434,0.0006801318622329244,0.0009112690311754434,1000,,0,0,1000,284393996,0.0
329,0.588,0.0002268411131105541,0.0030520084867333708,0.0002268411131105541,1000,,0,0,1000,732993442,0.0
330,0.799,2.920647111981367e-05,0.0002483346007670084,2.920647111981367e-05,1000,,0,0,1000,1271415053,0.0
331,0.978,2.8169829111579503e-06,0.0021209724200623725,2.8169829111579503e-06,1000,,0,0,1000,1188274814,0.0
332,0.108,0.0018106225834343403,0.0034232385672792187,0.0018106225834343403,1000,,0,0,1000,1233907190,0.0
333,0.607,0.00017861991906742425,1.4997976472974628e-06,0.00017861991906742425,1000,,0,0,1000,1391894861,0.0
334,0.389,0.000565625960027738,0.0004981972880023777,0.000565625960027738,1000,,0,0,1000,1237570,0.0
335,0.489,0.0003594394135412182,0.000881668629968857,0.0003594394135412182,1000,,0,0,1000,344676718,0.0
336,0.955,3.2862174832448687e-06,0.00017391090511520435,3.2862174832448687e-06,1000,,0,0,1000,660244773,0.0
337,0.961,9.759406294773676e-06,0.0024840863181341266,9.759406294773676e-06,1000,,0,0,1000,1888147204,0.0
338,0.326,0.0007676056635803619,0.0007458049243981302,0.0007676056635803619,1000,,0,0,1000,200702477,0.0
339,0.891,2.4996202114713206e-05,0.002523426996570377,2.4996202114713206e-05,1000,,0,0,1000,432684747,0.0
340,0.06,0.0024316458617198444,0.0005554916534773469,0.0024316458617198444,1000,,0,0,1000,1228110302,0.0
341,0.417,0.000498937723050985,0.0006305554178048789,0.000498937723050985,1000,,0,0,1000,1447808833,0.0
342,0.353,0.000736888465069585,0.0016975709991862153,0.000736888465069585,1000,,0,0,1000,1680697781,0.0
343,0.074,0.00241774859667232,0.0006706721976448282,0.00241774859667232,1000,,0,0,1000,1297620635,0.0
344,0.06,0.0025319890443588067,6.4118992779693684e-06,0.0025319890443588067,1000,,0,0,1000,200061720,0.0
345,0.446,0.0004690965832154781,5.212251263952972e-05,0.0004690965832154781,1000,,0,0,1000,1779430749,0.0
346,0.843,2.7383896581745226e-05,0.004297522567679568,2.7383896581745226e-05,1000,,0,0,1000,332080916,0.0
347,0.664,0.00010557224657392617,0.00047944318887749304,0.00010557224657392617,1000,,0,0,1000,2051946937,0.0
348,0.528,0.00024127281087182872,0.00020075831934340815,0.00024127281087182872,1000,,0,0,1000,813711167,0.0
349,0.813,7.138669048922797e-05,0.00013813260298733976,7.138669048922797e-05,1000,,0,0,1000,2132012859,0.0
350,0.629,0.00014395687802315482,6.6034566541528505e-06,0.00014395687802315482,1000,,0,0,1000,296407222,0.0
351,0.763,7.715698787080782e-05,0.0010224586491566212,7.715698787080782e-05,1000,,0,0,1000,1373474209,0.0
352,0.135,0.0016678311020545955,0.00018446654563464282,0.0016678311020545955,1000,,0,0,1000,1757385764,0.0
353,0.168,0.0013494249826485616,0.001768044328343099,0.0013494249826485616,1000,,0,0,1000,773901366,0.0
354,0.718,7.394634654678267e-05,0.004873026264456626,7.394634654678267e-05,1000,,0,0,1000,1530209443,0.0
355,0.741,9.703582762587981e-05,0.0007810574872243459,9.703582762587981e-05,1000,,0,0,1000,1331141520,0.0
356,0.754,7.427478419053113e-05,0.0014912397942681288,7.427478419053113e-05,1000,,0,0,1000,193753640,0.0
357,0.239,0.0010661301288522607,0.003424778209233259,0.0010661301288522607,1000,,0,0,1000,2011942003,0.0
358,0.778,7.890448253067284e-05,0.00021667006667758226,7.890448253067284e-05,1000,,0,0,1000,1600633216,0.0
359,0.189,0.001370378878552292,0.00025107794740109046,0.001370378878552292,1000,,0,0,1000,353856049,0.0
360,0.842,2.7891699326376695e-05,2.508597213712882e-05,2.7891699326376695e-05,1000,,0,0,1000,447521206,0.0
361,0.44,0.00048161418853065463,0.0003591158903859526,0.00048161418853065463,1000,,0,0,1000,813757082,0.0
362,0.222,0.001068073747796383,0.00218300566696239,0.001068073747796383,1000,,0,0,1000,1456022084,0.0
363,0.368,0.0006537873156315932,2.563493797236305e-07,0.0006537873156315932,1000,,0,0,1000,1913141375,0.0
364,0.365,0.0005783414561044697,0.0006507481450405139,0.0005783414561044697,1000,,0,0,1000,1240717904,0.0
365,0.63,0.0001829085599912572,0.002019735790605437,0.0001829085599912572,1000,,0,0,1000,21452240,0.0
366,0.422,0.00046971924153726974,0.002335151638187427,0.00046971924153726974,1000,,0,0,1000,483479473,0.0
367,0.443,0.0004186072395064855,0.0008773597608665584,0.0004186072395064855,1000,,0,0,1000,1506146626,0.0
368,0.071,0.002518688152716053,0.0004258162529486853,0.002518688152716053,1000,,0,0,1000,373372419,0.0
369,0.9,2.3463683385349654e-05,2.8934965613625074e-05,2.3463683385349654e-05,1000,,0,0,1000,794357173,0.0
370,0.606,0.00021500884534331188,0.00012570274096335154,0.00021500884534331188,1000,,0,0,1000,1764282106,0.0
371,0.853,3.081164946039383e-05,0.001740801537828518,3.081164946039383e-05,1000,,0,0,1000,1818405403,0.0
372,0.992,1.127683656898526e-06,0.00020355646516379,1.127683656898526e-06,1000,,0,0,1000,1215721019,0.0
373,0.182,0.0013954755553813314,0.008308525918038545,0.0013954755553813314,1000,,0,0,1000,644388376,0.0
374,0.548,0.00028242816988821584,0.0025150982544492884,0.00028242816988821584,1000,,0,0,1000,795025915,0.0
375,0.801,5.331510288408836e-05,0.0007574768124748443,5.331510288408836e-05,1000,,0,0,1000,384616759,0.0
376,0.357,0.0006473140890168594,0.00022965224374438264,0.0006473140890168594,1000,,0,0,1000,1352901305,0.0
377,0.129,0.0016510680760039032,6.831806609397528e-05,0.0016510680760039032,1000,,0,0,1000,83482779,0.0
378,0.475,0.0003952818681174364,0.002402597812227514,0.0003952818681174364,1000,,0,0,1000,333638186,0.0
379,0.291,0.0007952501373874599,0.0005041131794771836,0.0007952501373874599,1000,,0,0,1000,1049570817,0.0
380,0.814,7.044748486284558e-05,0.0005041690732833226,7.044748486284558e-05,1000,,0,0,1000,1022525120,0.0
381,0.083,0.002007223285119153,0.004038741231034981,0.002007223285119153,1000,,0,0,1000,896337349,0.0
382,0.071,0.0024839966008569636,8.303938694698143e-05,0.0024839966008569636,1000,,0,0,1000,1323679876,0.0
383,0.132,0.001636977514833049,3.7148246378349015e-05,0.001636977514833049,1000,,0,0,1000,749165377,0.0
384,0.999,1.1825869283832446e-08,0.0003861278599834872,1.1825869283832446e-08,1000,,0,0,1000,849359575,0.0
385,0.73,0.00010367570173219764,3.0059442407859294e-05,0.00010367570173219764,1000,,0,0,1000,1438089372,0.0
386,0.462,0.00043999104722114435,0.00012943485742267224,0.00043999104722114435,1000,,0,0,1000,1388536238,0.0
387,0.349,0.0006678488848468334,0.00030432704582683545,0.0006678488848468334,1000,,0,0,1000,1545719080,0.0
388,0.649,0.0001775075243578561,0.0005064345357216338,0.0001775075243578561,1000,,0,0,1000,770683894,0.0
389,0.358,0.0005703236578029625,1.2955846873108356e-07,0.0005703236578029625,1000,,0,0,1000,1845549543,0.0
390,0.61,0.00019465547553765283,1.4222488886606044e-07,0.00019465547553765283,1000,,0,0,1000,739188018,0.0
391,0.764,4.9518314209184844e-05,0.0005396953329355192,4.9518314209184844e-05,1000,,0,0,1000,2116993586,0.0
392,0.765,9.427696312502842e-05,5.9659131511513586e-05,9.427696312502842e-05,1000,,0,0,1000,1470863178,0.0
393,1.0,8.559884856484956e-07,0.002796152690001774,8.559884856484956e-07,1000,,0,0,1000,1493564161,0.0
394,0.674,0.00014091529615711806,0.005811200629575519,0.00014091529615711806,1000,,0,0,1000,192014405,0.0
395,0.435,0.0004786253104399618,0.0023718851564928922,0.0004786253104399618,1000,,0,0,1000,556384515,0.0
396,0.07,0.00242689808972274,0.002466929863968348,0.00242689808972274,1000,,0,0,1000,2095862752,0.0
397,0.133,0.0016634930644797707,0.00038402129092485193,0.0016634930644797707,1000,,0,0,1000,1173199204,0.0
398,0.233,0.0010105450832478269,2.31811027447959e-05,0.0010105450832478269,1000,,0,0,1000,1147663079,0.0
399,0.394,0.0005084040080692853,0.0003271210381358136,0.0005084040080692853,1000,,0,0,1000,1373321510,0.0
400,0.751,0.0012542665419543741,0.025318664688460002,0.0012542665419543741,50,,0,0,1000,1516881528,0.1
401,0.793,0.0011619102115972835,0.06752732234404768,0.0011619102115972835,50,,0,0,1000,1312263580,0.1
402,0.583,0.005064843272780339,0.01813055171744682,0.005064843272780339,50,,0,0,1000,693629996,0.1
403,0.711,0.0015816482997025316,0.0006567068786782482,0.0015816482997025316,50,,0,0,1000,1374009444,0.1
404,0.004,0.12126565015397239,0.027210295181530397,0.12126565015397239,50,,0,0,1000,2100477362,0.1
405,0.994,3.0408366386902586e-05,0.0008442603652937253,3.0408366386902586e-05,50,,0,0,1000,1274379660,0.1
406,1.0,0.0009178421692468408,0.014689451158496736,0.0009178421692468408,50,,0,0,1000,1257193488,0.1
407,0.057,0.07453895097505547,0.011233550350550403,0.07453895097505547,50,,0,0,1000,178397261,0.1
408,0.06,0.054703073923739076,0.00027673830380492426,0.054703073923739076,50,,0,0,1000,1661405014,0.1
409,0.469,0.010178050077596534,0.06772408721560974,0.010178050077596534,50,,0,0,1000,11637419,0.1
410,0.574,0.001167305146439146,0.011347095646945138,0.001167305146439146,50,,0,0,1000,600210129,0.1
411,0.778,0.0024645706713674054,0.01910383032302676,0.0024645706713674054,50,,0,0,1000,723367403,0.1
412,0.786,0.0008286528271271854,0.013036477399403612,0.0008286528271271854,50,,0,0,1000,1971600045,0.1
413,1.0,3.0408366386902586e-05,0.0010209117004095214,3.0408366386902586e-05,50,,0,0,1000,1727592314,0.1
414,1.0,0.00121820837142117,0.0018323139563699575,0.00121820837142117,50,,0,0,1000,669261687,0.1
415,0.87,0.0002799689157850782,0.001262052190573626,0.0002799689157850782,50,,0,0,1000,608859701,0.1
416,0.24,0.024346794148329964,0.0033463528512815977,0.024346794148329964,50,,0,0,1000,1895789174,0.1
417,0.048,0.0742160624423237,0.06683576081843523,0.0742160624423237,50,,0,0,1000,1422986154,0.1
418,0.037,0.0582877924178371,0.012505025889711807,0.0582877924178371,50,,0,0,1000,520825857,0.1
419,0.558,0.010480373595290304,0.00675019408092703,0.010480373595290304,50,,0,0,1000,750815364,0.1
420,0.361,0.011774688799910948,0.00020286696466353948,0.011774688799910948,50,,0,0,1000,612841501,0.1
421,0.369,0.013489386253964786,0.0021321114480786774,0.013489386253964786,50,,0,0,1000,537886946,0.1
422,0.653,0.002769559874276184,0.0077693442489192854,0.002769559874276184,50,,0,0,1000,773943260,0.1
423,0.115,0.038328392047423554,0.030070185297250807,0.038328392047423554,50,,0,0,1000,1731302245,0.1
424,0.495,0.010689532408306612,0.16226907728705142,0.010689532408306612,50,,0,0,1000,872689026,0.1
425,0.861,0.0001604426050013652,0.00317247958827227,0.0001604426050013652,50,,0,0,1000,1572123007,0.1
426,0.81,0.0020605333353940214,4.628075623236416e-05,0.0020605333353940214,50,,0,0,1000,976712550,0.1
427,0.189,0.021449785498287022,0.0016888841496499607,0.021449785498287022,50,,0,0,1000,1614933826,0.1
428,0.393,0.012404639804155182,0.01082758913482551,0.012404639804155182,50,,0,0,1000,1758497489,0.1
429,0.966,0.0006508321356319957,0.0031311937372104914,0.0006508321356319957,50,,0,0,1000,916458514,0.1
430,0.978,0.00034772456429155163,0.09992427780097823,0.00034772456429155163,50,,0,0,1000,1922746482,0.1
431,0.764,0.0015816482997025316,0.05374791242173349,0.0015816482997025316,50,,0,0,1000,1779068911,0.1
432,0.591,0.00555371017413786,0.014522886002116042,0.00555371017413786,50,,0,0,1000,1867982650,0.1
433,0.999,0.0010684945199592732,0.0066392013604364974,0.0010684945199592732,50,,0,0,1000,802026278,0.1
434,0.397,0.010742659802318144,0.007018223473751584,0.010742659802318144,50,,0,0,1000,2061207024,0.1
435,0.734,0.001254266541954152,0.016873806020422433,0.001254266541954152,50,,0,0,1000,1844194671,0.1
436,0.555,0.009464015712111085,0.027829341933007345,0.009464015712111085,50,,0,0,1000,1579265277,0.1
437,1.0,0.0,0.02201380464980851,0.0,50,,0,0,1000,109288569,0.1
438,0.559,0.004369204967321072,0.0011708608868534753,0.004369204967321072,50,,0,0,1000,39206332,0.1
439,0.727,0.0014877340595532695,0.0004981195583690923,0.0014877340595532695,50,,0,0,1000,693882699,0.1
440,0.704,0.0049593041857094455,0.008395843933520108,0.0049593041857094455,50,,0,0,1000,1117579214,0.1
441,0.994,0.00127878566637174,0.01528618188533637,0.00127878566637174,50,,0,0,1000,1322692126,0.1
442,0.237,0.02354695382750771,0.02354526985606331,0.02354695382750771,50,,0,0,1000,269580479,0.1
443,0.816,7.074811309726314e-05,1.0607737073620171e-05,7.074811309726314e-05,50,,0,0,1000,855857995,0.1
444,0.663,0.004022787281856122,0.0032383160328793847,0.004022787281856122,50,,0,0,1000,114720214,0.1
445,0.911,0.0011673051464384798,0.01639791846262284,0.0011673051464384798,50,,0,0,1000,1672686166,0.1
446,0.991,6.860932554542121e-05,0.0018024067076684025,6.860932554542121e-05,50,,0,0,1000,1975448642,0.1
447,0.436,0.009755749497638577,0.0028199360613690994,0.009755749497638577,50,,0,0,1000,1677039532,0.1
448,0.308,0.010742659802319032,0.08276316564462982,0.010742659802319032,50,,0,0,1000,1688647437,0.1
449,0.801,0.004634357655876276,0.07227902072245562,0.004634357655876276,50,,0,0,1000,1366875818,0.1
450,0.942,7.376127498492924e-05,0.027265702844804784,7.376127498492924e-05,50,,0,0,1000,490749372,0.1
451,0.755,0.004689455997120451,0.03561895018440753,0.004689455997120451,50,,0,0,1000,157271406,0.1
452,1.0,0.0,0.008589109923348048,0.0,50,,0,0,1000,1516849025,0.1
453,0.232,0.024657597426000044,0.05266069312908017,0.024657597426000044,50,,0,0,1000,2111006403,0.1
454,0.371,0.015050471001328725,0.042855032385460734,0.015050471001328725,50,,0,0,1000,1857904031,0.1
455,1.0,0.0002822890895750607,0.04959645324209638,0.0002822890895750607,50,,0,0,1000,884234200,0.1
456,0.734,0.0020605333353942434,0.0038692898835711587,0.0020605333353942434,50,,0,0,1000,1183250192,0.1
457,0.178,0.01882315859670891,0.009042619089304704,0.01882315859670891,50,,0,0,1000,1074985839,0.1
458,0.508,0.005956883861232165,0.021940935083429758,0.005956883861232165,50,,0,0,1000,1499102024,0.1
459,0.22,0.028122483007058774,0.04761617014151287,0.028122483007058774,50,,0,0,1000,1608581473,0.1
460,0.561,0.010480373595290526,0.015958619152820597,0.010480373595290526,50,,0,0,1000,485610040,0.1
461,0.156,0.02139003178733767,4.897808442150264e-06,0.02139003178733767,50,,0,0,1000,2047059008,0.1
462,0.734,0.004629007386573125,0.09122046121600347,0.004629007386573125,50,,0,0,1000,1575851733,0.1
463,0.968,7.454883724777872e-06,0.017749383677671315,7.454883724777872e-06,50,,0,0,1000,398510049,0.1
464,0.108,0.039552008926036386,0.007474108379847633,0.039552008926036386,50,,0,0,1000,1169583679,0.1
465,0.369,0.015122026747693695,0.027068273261989906,0.015122026747693695,50,,0,0,1000,623133097,0.1
466,0.083,0.050814255851464596,0.015138043453770234,0.050814255851464596,50,,0,0,1000,933846053,0.1
467,0.01,0.11774586265971099,0.052223108674337326,0.11774586265971099,50,,0,0,1000,330727960,0.1
468,0.527,0.010043450079540439,0.012220444486667148,0.010043450079540439,50,,0,0,1000,329667813,0.1
469,0.818,0.0005536045536223,0.00033189387323695474,0.0005536045536223,50,,0,0,1000,1411859646,0.1
470,0.575,0.008368221033132839,0.02779869694273318,0.008368221033132839,50,,0,0,1000,667916386,0.1
471,0.596,0.005047262580820222,0.013853385834543208,0.005047262580820222,50,,0,0,1000,424538557,0.1
472,0.409,0.01788072579695632,0.01957338067043146,0.01788072579695632,50,,0,0,1000,447684257,0.1
473,0.763,0.004634357655876831,0.12897989719589387,0.004634357655876831,50,,0,0,1000,1517977492,0.1
474,0.253,0.0179634250319316,0.013786526706281332,0.0179634250319316,50,,0,0,1000,1297374212,0.1
475,0.099,0.04356020858377452,0.004253064148222241,0.04356020858377452,50,,0,0,1000,127057290,0.1
476,0.904,0.0013354721478063825,0.010991314834337684,0.0013354721478063825,50,,0,0,1000,338971694,0.1
477,0.082,0.04511292495537034,0.056290821233303756,0.04511292495537034,50,,0,0,1000,1811027485,0.1
478,0.29,0.017963425031931823,7.655323638711131e-05,0.017963425031931823,50,,0,0,1000,1779640382,0.1
479,0.115,0.03932065758660208,0.08129083637833301,0.03932065758660208,50,,0,0,1000,1669493791,0.1
480,0.549,0.005047262580820222,0.017523950671952337,0.005047262580820222,50,,0,0,1000,1953382769,0.1
481,1.0,7.07481130970411e-05,0.0058823589187778635,7.07481130970411e-05,50,,0,0,1000,1200064224,0.1
482,0.996,0.00022172981433687955,0.012142546848626368,0.00022172981433687955,50,,0,0,1000,359424403,0.1
483,0.526,0.008726936123724993,0.005623971585783316,0.008726936123724993,50,,0,0,1000,1527888457,0.1
484,0.538,0.007030693982471248,0.05283634976856988,0.007030693982471248,50,,0,0,1000,991389080,0.1
485,0.388,0.015050471001329169,0.004064059879298587,0.015050471001329169,50,,0,0,1000,767761008,0.1
486,0.105,0.05209267589781619,0.026085862745883537,0.05209267589781619,50,,0,0,1000,307374506,0.1
487,0.563,0.00930127120147961,0.010008913485751947,0.00930127120147961,50,,0,0,1000,331877931,0.1
488,0.238,0.02812248300705833,0.001341660229027375,0.02812248300705833,50,,0,0,1000,2006320268,0.1
489,0.732,0.0014877340595530475,0.0005605520274502007,0.0014877340595530475,50,,0,0,1000,773308798,0.1
490,0.389,0.015711355974350805,0.000347929150099624,0.015711355974350805,50,,0,0,1000,286793650,0.1
491,0.255,0.023879437721405883,0.018132272140875982,0.023879437721405883,50,,0,0,1000,343904027,0.1
492,0.74,0.002183293917236595,0.02267595788432264,0.002183293917236595,50,,0,0,1000,79399453,0.1
493,0.354,0.01466371138556144,0.00012790852836219724,0.01466371138556144,50,,0,0,1000,145150250,0.1
494,0.992,0.00019712770672142277,0.032698641079914825,0.00019712770672142277,50,,0,0,1000,1583059669,0.1
495,1.0,0.0,0.0006396179090710774,0.0,50,,0,0,1000,743401662,0.1
496,0.665,0.0032260182965292428,0.007094986521032465,0.0032260182965292428,50,,0,0,1000,1065729376,0.1
497,0.632,0.00504726258082,0.03740259387111655,0.00504726258082,50,,0,0,1000,1568827092,0.1
498,0.682,0.003188395317053172,0.005828531185409713,0.003188395317053172,50,,0,0,1000,981701973,0.1
499,0.318,0.018576478156839604,0.04268480605548919,0.018576478156839604,50,,0,0,1000,1870836248,0.1
500,0.532,0.004254721586554044,0.0010126697944122798,0.004254721586554044,100,,0,0,1000,1331548379,0.1
501,0.503,0.0044613702183632364,0.0008981055665984172,0.0044613702183632364,100,,0,0,1000,2105207024,0.1
502,0.702,0.0012957310977941283,0.0009648905956156639,0.0012957310977941283,100,,0,0,1000,680373863,0.1
503,0.373,0.006580897192658974,0.0006098403486661796,0.006580897192658974,100,,0,0,1000,1640051166,0.1
504,0.837,0.0010933572908502498,0.005076325001919013,0.0010933572908502498,100,,0,0,1000,9249011,0.1
505,0.135,0.016171115521386725,0.01196077176146293,0.016171115521386725,100,,0,0,1000,756004136,0.1
506,0.65,0.00264384172368759,0.010838149959243815,0.00264384172368759,100,,0,0,1000,519272463,0.1
507,0.709,0.0012301513659772612,0.01120774094355792,0.0012301513659772612,100,,0,0,1000,217999627,0.1
508,0.935,0.0002903556905665683,0.0032140106006091074,0.0002903556905665683,100,,0,0,1000,550527497,0.1
509,0.091,0.02327696043008265,0.014053270824018305,0.02327696043008265,100,,0,0,1000,2042035288,0.1
510,0.68,0.0019924791375727224,0.0023195381996244935,0.0019924791375727224,100,,0,0,1000,1846002099,0.1
511,0.99,1.8547921124545397e-06,0.003524315508990128,1.8547921124545397e-06,100,,0,0,1000,601312476,0.1
512,0.671,0.0012542665419543741,0.00331738488568345,0.0012542665419543741,100,,0,0,1000,1479270935,0.1
513,0.328,0.007970762947373755,0.0033356432659040758,0.007970762947373755,100,,0,0,1000,79955,0.1
514,0.872,9.847540786767084e-05,0.0060072562658392,9.847540786767084e-05,100,,0,0,1000,1935742102,0.1
515,0.419,0.0056104174088098535,0.008575407968131277,0.0056104174088098535,100,,0,0,1000,558003567,0.1
516,0.535,0.0033306057160511493,0.05182777944408856,0.0033306057160511493,100,,0,0,1000,69349162,0.1
517,0.501,0.0036151651866764833,0.010433775585387384,0.0036151651866764833,100,,0,0,1000,1706333194,0.1
518,0.16,0.01827478347449507,0.02093816910417723,0.01827478347449507,100,,0,0,1000,40847557,0.1
519,0.185,0.01145123135818138,0.006916355434796073,0.01145123135818138,100,,0,0,1000,2109432456,0.1
520,0.893,0.00014780881911768962,0.002361718961421788,0.00014780881911768962,100,,0,0,1000,146272569,0.1
521,0.359,0.0066405900545754015,0.0002551313159712132,0.0066405900545754015,100,,0,0,1000,664703404,0.1
522,0.824,0.00031282901797058393,0.0008800262708643647,0.00031282901797058393,100,,0,0,1000,2114804908,0.1
523,0.837,0.0005793710809336439,0.0011464303254101749,0.0005793710809336439,100,,0,0,1000,1353203434,0.1
524,0.843,0.00045033012430373276,0.030181265919401734,0.00045033012430373276,100,,0,0,1000,1255216659,0.1
525,0.5,0.0036324203579890524,0.001413034483734199,0.0036324203579890524,100,,0,0,1000,1444821539,0.1
526,0.825,0.0009859591824540326,0.0026651717664696317,0.0009859591824540326,100,,0,0,1000,178294214,0.1
527,1.0,7.061284890141906e-11,0.0010216518690426835,7.061284890141906e-11,100,,0,0,1000,895862592,0.1
528,0.963,0.0001945774505629494,0.005864396746709577,0.0001945774505629494,100,,0,0,1000,389310272,0.1
529,0.066,0.02896818329658357,0.00016632868357724373,0.02896818329658357,100,,0,0,1000,1546015169,0.1
530,0.29,0.008471703086996518,0.0006401726059531709,0.008471703086996518,100,,0,0,1000,167456199,0.1
531,0.713,0.0012301513659772612,0.0014925159618479622,0.0012301513659772612,100,,0,0,1000,1501913505,0.1
532,0.71,0.0004900707692505613,0.03066512926670928,0.0004900707692505613,100,,0,0,1000,851579436,0.1
533,0.681,0.0023058937193087825,0.018156592583780662,0.0023058937193087825,100,,0,0,1000,1760258187,0.1
534,0.666,0.0021837022958320906,0.0033506012494419757,0.0021837022958320906,100,,0,0,1000,1098886812,0.1
535,0.25,0.010494387006802164,0.002151545128241117,0.010494387006802164,100,,0,0,1000,1468747931,0.1
536,0.538,0.0033306057160513713,0.07764066621987309,0.0033306057160513713,100,,0,0,1000,959250546,0.1
537,0.183,0.014237071930292333,0.00498949453776909,0.014237071930292333,100,,0,0,1000,725922590,0.1
538,0.998,1.043218995078199e-06,0.00018458932611664647,1.043218995078199e-06,100,,0,0,1000,175051918,0.1
539,0.287,0.01010591696217722,0.0017123262826018726,0.01010591696217722,100,,0,0,1000,905183372,0.1
540,0.18,0.010742659802318588,4.011791359004313e-06,0.010742659802318588,100,,0,0,1000,1067275575,0.1
541,0.708,0.0014877340595526034,0.004491275332026201,0.0014877340595526034,100,,0,0,1000,2110644415,0.1
542,0.29,0.008368221033132839,0.0012376118829069416,0.008368221033132839,100,,0,0,1000,534336014,0.1
543,1.0,0.00019884004891823626,0.003916781970145444,0.00019884004891823626,100,,0,0,1000,710049374,0.1
544,0.554,0.0040227872818559,0.0020751101146939677,0.0040227872818559,100,,0,0,1000,1427911801,0.1
545,0.306,0.010412478777944156,0.0033887254182660698,0.010412478777944156,100,,0,0,1000,294677267,0.1
546,0.229,0.011329982195913635,0.0005738897973583956,0.011329982195913635,100,,0,0,1000,1014496269,0.1
547,0.946,1.162714369229434e-10,0.0004333772013217496,1.162714369229434e-10,100,,0,0,1000,1427969432,0.1
548,0.518,0.004673088429595906,0.0025267425462914828,0.004673088429595906,100,,0,0,1000,842854709,0.1
549,0.678,0.0024308887341426555,0.012142937578951796,0.0024308887341426555,100,,0,0,1000,865234824,0.1
550,0.739,0.00029147396666751035,9.424082804243561e-06,0.00029147396666751035,100,,0,0,1000,1917567477,0.1
551,0.855,0.0005778555155491194,0.03242683795586365,0.0005778555155491194,100,,0,0,1000,1110478537,0.1
552,0.326,0.007514340853261192,0.05117202068471216,0.007514340853261192,100,,0,0,1000,42997884,0.1
553,0.849,0.0010120149043122417,0.025184057991145203,0.0010120149043122417,100,,0,0,1000,1905260736,0.1
554,0.325,0.009236851552724579,0.014820095757234308,0.009236851552724579,100,,0,0,1000,1919655771,0.1
555,0.086,0.020197396212485286,0.07639482043084056,0.020197396212485286,100,,0,0,1000,123639718,0.1
556,0.296,0.008251261223412354,0.004722700424866999,0.008251261223412354,100,,0,0,1000,1454391218,0.1
557,0.233,0.013803600106990555,0.00162936205045916,0.013803600106990555,100,,0,0,1000,504694713,0.1
558,0.685,0.002614621886952495,0.0013206409605743819,0.002614621886952495,100,,0,0,1000,455818541,0.1
559,0.533,0.0040163513672039075,0.026331041234937902,0.0040163513672039075,100,,0,0,1000,426902541,0.1
560,0.03,0.04207722084457177,0.029839498847878843,0.04207722084457177,100,,0,0,1000,350319180,0.1
561,0.367,0.005520190799082392,0.012136775335025551,0.005520190799082392,100,,0,0,1000,1857169275,0.1
562,0.555,0.0017711341191301022,0.041217728928065855,0.0017711341191301022,100,,0,0,1000,759898229,0.1
563,0.707,0.001254266541954152,0.016327419592777725,0.001254266541954152,100,,0,0,1000,1216062749,0.1
564,0.83,0.001090831005232662,0.003275737749818597,0.001090831005232662,100,,0,0,1000,1024420632,0.1
565,0.685,0.002537393058592463,0.04217506657542114,0.002537393058592463,100,,0,0,1000,785680002,0.1
566,0.541,0.0038811389743910185,0.009059131995212244,0.0038811389743910185,100,,0,0,1000,1909218476,0.1
567,0.849,0.0006308169972105704,0.0002873072111018171,0.0006308169972105704,100,,0,0,1000,1291501415,0.1
568,0.732,0.0005659659729317923,0.018320458179208354,0.0005659659729317923,100,,0,0,1000,1472612256,0.1
569,0.503,0.004606973182781249,0.00015400882634464264,0.004606973182781249,100,,0,0,1000,1932272041,0.1
570,0.442,0.006667883492987303,0.03585597002390428,0.006667883492987303,100,,0,0,1000,183040085,0.1
571,0.214,0.012128983113193326,0.007266778328831824,0.012128983113193326,100,,0,0,1000,101669644,0.1
572,0.764,0.0005661604994888769,0.005009422704372879,0.0005661604994888769,100,,0,0,1000,1149684335,0.1
573,1.0,7.72434189633131e-06,0.00043405532681461967,7.72434189633131e-06,100,,0,0,1000,2047651781,0.1
574,1.0,0.00029359540417106533,0.04868285372891301,0.00029359540417106533,100,,0,0,1000,1247622947,0.1
575,0.839,0.00043321514861738297,0.010402415288430111,0.00043321514861738297,100,,0,0,1000,2017395404,0.1
576,0.543,0.003673908216575872,0.0075438197236629145,0.003673908216575872,100,,0,0,1000,1512821439,0.1
577,0.505,0.0038158281717586284,0.00462945801314274,0.0038158281717586284,100,,0,0,1000,38957803,0.1
578,0.452,0.0046732496822937675,0.0003209532170163065,0.0046732496822937675,100,,0,0,1000,875219032,0.1
579,0.908,0.00022686504059132861,0.0024244240257209615,0.00022686504059132861,100,,0,0,1000,1141069783,0.1
580,0.519,0.004630482566790328,0.003640926359444796,0.004630482566790328,100,,0,0,1000,1697765002,0.1
581,0.423,0.006412601619290581,0.01407054693305998,0.006412601619290581,100,,0,0,1000,150792542,0.1
582,0.168,0.015008047463967444,0.0007872720516943765,0.015008047463967444,100,,0,0,1000,1019226188,0.1
583,0.305,0.01013448872342504,0.01621268777511864,0.01013448872342504,100,,0,0,1000,817720513,0.1
584,1.0,0.0,5.89129063325311e-05,0.0,100,,0,0,1000,1594921887,0.1
585,0.174,0.018668208296962807,0.0036903266837693405,0.018668208296962807,100,,0,0,1000,2130946257,0.1
586,0.859,0.0004900707692503392,0.004223590887572515,0.0004900707692503392,100,,0,0,1000,429952335,0.1
587,0.32,0.00938063061214689,0.034514152204923265,0.00938063061214689,100,,0,0,1000,450330101,0.1
588,0.999,0.00012441076180580435,0.07997917066476312,0.00012441076180580435,100,,0,0,1000,6119380,0.1
589,0.113,0.020426734454815576,0.003765061808469583,0.020426734454815576,100,,0,0,1000,1568958217,0.1
590,0.362,0.006924360903233895,0.007294066674681687,0.006924360903233895,100,,0,0,1000,1756838687,0.1
591,0.142,0.01844275483775204,0.0014055758488622505,0.01844275483775204,100,,0,0,1000,725387265,0.1
592,0.113,0.01902121672506185,0.1427810499163289,0.01902121672506185,100,,0,0,1000,461122186,0.1
593,0.529,0.004413296110299392,0.014875319493676153,0.004413296110299392,100,,0,0,1000,1824225633,0.1
594,0.479,0.0037959618367534587,0.00557496547384051,0.0037959618367534587,100,,0,0,1000,1745691250,0.1
595,0.578,0.004457063622318014,0.030315978332882132,0.004457063622318014,100,,0,0,1000,1204894091,0.1
596,0.309,0.00958602595207736,0.008531607779268424,0.00958602595207736,100,,0,0,1000,248682476,0.1
597,0.031,0.03624445178640279,0.0010808064427455522,0.03624445178640279,100,,0,0,1000,639511293,0.1
598,0.979,1.2050532911311862e-05,0.005095903233557797,1.2050532911311862e-05,100,,0,0,1000,2071961468,0.1
599,0.658,0.0024896895171695466,1.1410593109384415e-05,0.0024896895171695466,100,,0,0,1000,1967147732,0.1
600,0.214,0.0022714205095965,0.0009231486520842047,0.0022714205095965,500,,0,0,1000,507577167,0.1
601,0.937,1.156397926793673e-05,0.00014210261852187767,1.156397926793673e-05,500,,0,0,1000,89551625,0.1
602,0.594,0.0004336255117655119,0.0003039634296905236,0.0004336255117655119,500,,0,0,1000,2045027796,0.1
603,0.35,0.0013120431471276284,0.002239730724879263,0.0013120431471276284,500,,0,0,1000,152873852,0.1
604,0.102,0.004304901208523559,0.0035817213420324956,0.004304901208523559,500,,0,0,1000,1572163275,0.1
605,0.634,0.0003763140400541154,0.00017564000452952033,0.0003763140400541154,500,,0,0,1000,1689490534,0.1
606,0.497,0.0008483387606516013,0.002838752537695277,0.0008483387606516013,500,,0,0,1000,1519257227,0.1
607,0.416,0.0010794329618882825,0.0009057072965471535,0.0010794329618882825,500,,0,0,1000,2011979477,0.1
608,0.469,0.0007464445399907316,0.0007438858853177077,0.0007464445399907316,500,,0,0,1000,1979140600,0.1
609,0.553,0.0005093876115129792,0.0002906110846301324,0.0005093876115129792,500,,0,0,1000,511685193,0.1
610,0.922,2.3274015043539542e-05,0.00047762627149372516,2.3274015043539542e-05,500,,0,0,1000,1703973369,0.1
611,0.499,0.0009161407516742326,0.012698335088463741,0.0009161407516742326,500,,0,0,1000,1547587290,0.1
612,0.59,0.0004122278892066955,0.005271060059984456,0.0004122278892066955,500,,0,0,1000,642323093,0.1
613,0.01,0.010405854452058994,0.0020806403896923564,0.010405854452058994,500,,0,0,1000,570612491,0.1
614,0.673,0.0004076023973009768,0.0018710031056590193,0.0004076023973009768,500,,0,0,1000,1345017277,0.1
615,0.228,0.0021906881914326437,0.00014178594644198572,0.0021906881914326437,500,,0,0,1000,1072938373,0.1
616,0.651,0.0003834184093520765,0.000571583736259984,0.0003834184093520765,500,,0,0,1000,357392131,0.1
617,0.812,5.074210434508064e-05,0.0019101504077004838,5.074210434508064e-05,500,,0,0,1000,1407933093,0.1
618,0.411,0.0011519954746561645,0.002085429630597435,0.0011519954746561645,500,,0,0,1000,872082236,0.1
619,0.869,1.3274373701577247e-05,0.0006223116820116559,1.3274373701577247e-05,500,,0,0,1000,1297818558,0.1
620,0.434,0.0010109134383432528,0.0009851178554856066,0.0010109134383432528,500,,0,0,1000,595888875,0.1
621,0.219,0.002228495185616408,0.00022578661011463108,0.002228495185616408,500,,0,0,1000,2006685884,0.1
622,0.986,3.85607823938372e-06,0.0015191516759704982,3.85607823938372e-06,500,,0,0,1000,1208686437,0.1
623,0.382,0.0011669537739075198,0.00035285224495207324,0.0011669537739075198,500,,0,0,1000,1105293837,0.1
624,0.0,0.024457909030226377,0.003884251602250366,0.024457909030226377,500,,0,0,1000,760195150,0.1
625,0.459,0.0007959749936694571,0.005730466308762172,0.0007959749936694571,500,,0,0,1000,178008304,0.1
626,0.318,0.0017864247070064065,3.7528307320400245e-05,0.0017864247070064065,500,,0,0,1000,1182729508,0.1
627,0.009,0.011223183886581278,0.00032378690623913187,0.011223183886581278,500,,0,0,1000,1470347154,0.1
628,0.773,0.00016886732001786253,0.006093358628758594,0.00016886732001786253,500,,0,0,1000,210729067,0.1
629,0.839,9.903131953892252e-05,0.0015942131347443933,9.903131953892252e-05,500,,0,0,1000,1110590756,0.1
630,0.77,0.00013666531952194472,0.0014547039722390132,0.00013666531952194472,500,,0,0,1000,1159012759,0.1
631,0.893,1.2492803520225415e-05,0.00023941724471321368,1.2492803520225415e-05,500,,0,0,1000,329280308,0.1
632,0.313,0.0016697112787080748,0.0007067260168635014,0.0016697112787080748,500,,0,0,1000,513004005,0.1
633,0.368,0.0011643454102079343,0.001210076168415064,0.0011643454102079343,500,,0,0,1000,1878180269,0.1
634,0.984,1.1859283275406085e-06,0.0009623818387800576,1.1859283275406085e-06,500,,0,0,1000,2084960858,0.1
635,0.785,0.0001523072920436297,0.004390219530279071,0.0001523072920436297,500,,0,0,1000,1835370378,0.1
636,0.406,0.001159060711994564,0.0031972434854726783,0.001159060711994564,500,,0,0,1000,2106862114,0.1
637,0.848,9.430641941599038e-05,3.870624320712057e-05,9.430641941599038e-05,500,,0,0,1000,85845010,0.1
638,0.318,0.0015617362653659317,0.0002813651411808227,0.0015617362653659317,500,,0,0,1000,1020451773,0.1
639,0.921,3.39817599844805e-05,0.0020031142244628652,3.39817599844805e-05,500,,0,0,1000,415591053,0.1
640,0.706,0.00019526328621033429,7.663402381274942e-05,0.00019526328621033429,500,,0,0,1000,1831321314,0.1
641,0.383,0.0009989967958243806,6.108149576489197e-05,0.0009989967958243806,500,,0,0,1000,1221946590,0.1
642,0.277,0.00166721789415325,0.0029831479795074944,0.00166721789415325,500,,0,0,1000,1100554409,0.1
643,0.998,2.098321516541546e-14,0.0007462069011794359,2.098321516541546e-14,500,,0,0,1000,284615424,0.1
644,0.636,0.00041594852738546795,2.0982992982920834e-05,0.00041594852738546795,500,,0,0,1000,2033095401,0.1
645,0.549,0.0006503801710124879,0.0023657553593032787,0.0006503801710124879,500,,0,0,1000,681876872,0.1
646,0.752,0.0001119581943154202,0.0017965410963202144,0.0001119581943154202,500,,0,0,1000,1527428061,0.1
647,0.925,1.5205014728736366e-05,0.0005641445531648914,1.5205014728736366e-05,500,,0,0,1000,26891308,0.1
648,0.428,0.0007754213633912599,0.011670538464841673,0.0007754213633912599,500,,0,0,1000,1908639620,0.1
649,0.965,7.080457878783086e-06,0.0007133077097976059,7.080457878783086e-06,500,,0,0,1000,1897562770,0.1
650,0.835,7.557741362507198e-05,3.215445571158604e-05,7.557741362507198e-05,500,,0,0,1000,988876307,0.1
651,0.254,0.0016662431428393631,0.00017610390657729624,0.0016662431428393631,500,,0,0,1000,1705563386,0.1
652,0.198,0.0023479030456822203,0.00019814966426900948,0.0023479030456822203,500,,0,0,1000,1897959083,0.1
653,0.757,0.00011330798316599999,0.0004048343935133536,0.00011330798316599999,500,,0,0,1000,1755234810,0.1
654,0.322,0.0016162379019195594,0.003531888552449347,0.0016162379019195594,500,,0,0,1000,2100329538,0.1
655,0.504,0.0009161407516742326,0.0019738368931178085,0.0009161407516742326,500,,0,0,1000,1228627806,0.1
656,0.061,0.004656655112389663,0.0033536064837436097,0.004656655112389663,500,,0,0,1000,797344306,0.1
657,0.504,0.0006278686759138008,0.006544180572857106,0.0006278686759138008,500,,0,0,1000,806018414,0.1
658,0.59,0.0005546573074326488,0.00015272243182873346,0.0005546573074326488,500,,0,0,1000,1085951416,0.1
659,0.263,0.001809267990354524,0.004451569857432558,0.001809267990354524,500,,0,0,1000,267562940,0.1
660,0.146,0.0030140927518856886,0.0015223442785071706,0.0030140927518856886,500,,0,0,1000,905099732,0.1
661,0.779,0.00013657102918962494,0.0017619012107786824,0.00013657102918962494,500,,0,0,1000,776971844,0.1
662,0.761,0.0001790124353758804,1.8416283127931088e-05,0.0001790124353758804,500,,0,0,1000,1031935181,0.1
663,0.802,0.00011964901865202382,0.000561268794131764,0.00011964901865202382,500,,0,0,1000,315884992,0.1
664,0.093,0.0038525349467430914,0.00032878052221496645,0.0038525349467430914,500,,0,0,1000,1784170845,0.1
665,1.0,2.6635171068711827e-08,6.249565401006407e-05,2.6635171068711827e-08,500,,0,0,1000,1862006460,0.1
666,0.364,0.0011898643739107762,0.0017820811091050492,0.0011898643739107762,500,,0,0,1000,1771543092,0.1
667,0.142,0.003217817483283203,0.0014445594565343223,0.003217817483283203,500,,0,0,1000,469668210,0.1
668,0.058,0.006062269383444341,0.0032615367732331535,0.006062269383444341,500,,0,0,1000,868960133,0.1
669,0.929,3.998819445105717e-05,6.384991477526025e-05,3.998819445105717e-05,500,,0,0,1000,1907407806,0.1
670,0.999,9.61930924092691e-06,0.0014991995131037328,9.61930924092691e-06,500,,0,0,1000,1770500053,0.1
671,0.242,0.0019670252102476082,1.3132734651977174e-06,0.0019670252102476082,500,,0,0,1000,1350034292,0.1
672,0.574,0.00042133210804295995,0.0010815113678828148,0.00042133210804295995,500,,0,0,1000,852788954,0.1
673,0.045,0.00610499392677788,0.00025313284362404875,0.00610499392677788,500,,0,0,1000,361835191,0.1
674,0.474,0.0008187783112481029,4.973377240424792e-05,0.0008187783112481029,500,,0,0,1000,1206862338,0.1
675,0.415,0.001148158623471951,7.938108509242259e-05,0.001148158623471951,500,,0,0,1000,828133093,0.1
676,0.612,0.0003003217195960417,5.9200762486888436e-05,0.0003003217195960417,500,,0,0,1000,425448013,0.1
677,0.02,0.007859248696000964,0.0003376807663213466,0.007859248696000964,500,,0,0,1000,495009661,0.1
678,0.706,0.00018703750386783735,5.378154209090269e-06,0.00018703750386783735,500,,0,0,1000,1986031766,0.1
679,0.934,1.2881981612977711e-05,0.0032449548471020773,1.2881981612977711e-05,500,,0,0,1000,766584091,0.1
680,0.021,0.0075012534936999,0.002243948713088195,0.0075012534936999,500,,0,0,1000,1442212356,0.1
681,0.268,0.001978704845196688,0.00018283129314800028,0.001978704845196688,500,,0,0,1000,1230647643,0.1
682,0.918,4.402368436262627e-05,0.0005723790257681216,4.402368436262627e-05,500,,0,0,1000,979836908,0.1
683,0.482,0.0009130349432658891,0.005691271715392854,0.0009130349432658891,500,,0,0,1000,735472064,0.1
684,0.747,0.00016172691721771937,0.003406207619491508,0.00016172691721771937,500,,0,0,1000,580517590,0.1
685,0.652,0.00037549608637699183,0.0007479799578542501,0.00037549608637699183,500,,0,0,1000,2022707039,0.1
686,0.14,0.0029767244761039757,0.0016181647080555361,0.0029767244761039757,500,,0,0,1000,2138629672,0.1
687,0.536,0.0006066515654736815,0.0003776292816402016,0.0006066515654736815,500,,0,0,1000,2065622747,0.1
688,0.541,0.0005150281861588946,0.0023130156372822563,0.0005150281861588946,500,,0,0,1000,184382510,0.1
689,0.424,0.0009352032372951236,0.00225161489951331,0.0009352032372951236,500,,0,0,1000,931702666,0.1
690,0.89,1.2726852813838008e-05,0.001704713303964045,1.2726852813838008e-05,500,,0,0,1000,1098101445,0.1
691,0.865,4.69165676777461e-05,0.001164054438166695,4.69165676777461e-05,500,,0,0,1000,942805243,0.1
692,0.826,6.561112027270166e-05,0.004764617371017854,6.561112027270166e-05,500,,0,0,1000,337692034,0.1
693,0.436,0.0009403067284438071,0.005503529865330314,0.0009403067284438071,500,,0,0,1000,1425209944,0.1
694,0.14,0.0033407155323964544,0.002000568685739279,0.0033407155323964544,500,,0,0,1000,1517363989,0.1
695,0.164,0.0028160764714196818,0.016335094048976928,0.0028160764714196818,500,,0,0,1000,2100416774,0.1
696,0.514,0.0006027048162323689,0.0026245261351479643,0.0006027048162323689,500,,0,0,1000,678244977,0.1
697,0.609,0.0003496639695639292,0.0006929403805184808,0.0003496639695639292,500,,0,0,1000,1817663697,0.1
698,0.742,0.00020804291390263963,0.0038598973848286144,0.00020804291390263963,500,,0,0,1000,553362048,0.1
699,0.285,0.001662623478118186,5.4623618508164995e-05,0.001662623478118186,500,,0,0,1000,1449876825,0.1
700,0.495,0.0004145226841127947,0.0016495229041966208,0.0004145226841127947,1000,,0,0,1000,120520673,0.1
701,0.267,0.0008311779370200334,0.00015675401509951392,0.0008311779370200334,1000,,0,0,1000,1624274262,0.1
702,0.225,0.001120057074112224,0.003108934949058062,0.001120057074112224,1000,,0,0,1000,1782770214,0.1
703,0.192,0.0013983672763115962,0.00015037522738470255,0.0013983672763115962,1000,,0,0,1000,1202014852,0.1
704,0.555,0.00028722365584310516,0.0018187866476735426,0.00028722365584310516,1000,,0,0,1000,998077734,0.1
705,0.876,1.182337505711839e-05,0.00026998613885675926,1.182337505711839e-05,1000,,0,0,1000,27033624,0.1
706,0.547,0.000253345420183293,0.00037419271136496235,0.000253345420183293,1000,,0,0,1000,889265592,0.1
707,0.668,0.0001430432683423577,0.00011046227986832857,0.0001430432683423577,1000,,0,0,1000,1044424085,0.1
708,0.979,2.6819349997486697e-06,0.0007576317429107693,2.6819349997486697e-06,1000,,0,0,1000,1762926711,0.1
709,0.25,0.001034107076224089,0.0010367179739695365,0.001034107076224089,1000,,0,0,1000,2137953607,0.1
710,0.946,5.284052963294705e-06,4.20054920566848e-05,5.284052963294705e-06,1000,,0,0,1000,266754343,0.1
711,0.556,0.00025325504967010914,0.00045468340430243614,0.00025325504967010914,1000,,0,0,1000,1271621458,0.1
712,0.244,0.0010447978547478698,0.003013419517875149,0.0010447978547478698,1000,,0,0,1000,428216523,0.1
713,0.32,0.000766276260131038,0.002714933367480077,0.000766276260131038,1000,,0,0,1000,542873978,0.1
714,0.663,0.00018108948460482388,0.0010624064476508766,0.00018108948460482388,1000,,0,0,1000,286368658,0.1
715,0.458,0.0004186076571367492,0.003821575517688691,0.0004186076571367492,1000,,0,0,1000,789747339,0.1
716,0.648,0.0001582201898544522,0.00011314911149695739,0.0001582201898544522,1000,,0,0,1000,2000294665,0.1
717,0.805,4.6193342546407834e-05,0.0005077234384494034,4.6193342546407834e-05,1000,,0,0,1000,114150947,0.1
718,0.001,0.00897875723598951,0.0008700349729743317,0.00897875723598951,1000,,0,0,1000,1939959149,0.1
719,0.752,7.419938791997094e-05,0.000516967904006238,7.419938791997094e-05,1000,,0,0,1000,1772767968,0.1
720,0.556,0.0002455992180830924,0.0010261756378302511,0.0002455992180830924,1000,,0,0,1000,2083321613,0.1
721,0.857,2.7466553812138805e-05,0.0005405743255945117,2.7466553812138805e-05,1000,,0,0,1000,1619865133,0.1
722,0.764,5.053244573660631e-05,0.0001864573403123071,5.053244573660631e-05,1000,,0,0,1000,217529771,0.1
723,0.513,0.00030414069628614815,0.001093162650797841,0.00030414069628614815,1000,,0,0,1000,741284311,0.1
724,0.96,4.4506074659000916e-07,0.00010351210717762793,4.4506074659000916e-07,1000,,0,0,1000,641640793,0.1
725,0.901,1.1728071340977309e-05,0.001051628720118547,1.1728071340977309e-05,1000,,0,0,1000,535510321,0.1
726,0.162,0.0012672461809131175,0.002272668014624113,0.0012672461809131175,1000,,0,0,1000,1055640113,0.1
727,0.598,0.00024231066314728267,0.0006206970908609888,0.00024231066314728267,1000,,0,0,1000,2004365737,0.1
728,0.647,0.00014817183494086894,0.0006827534803908186,0.00014817183494086894,1000,,0,0,1000,1855422532,0.1
729,0.246,0.0009356079155611319,0.002188963297184099,0.0009356079155611319,1000,,0,0,1000,549556796,0.1
730,0.703,0.00010367570173253071,0.0006164400143334747,0.00010367570173253071,1000,,0,0,1000,1764665005,0.1
731,0.16,0.001348322429564397,0.0009400714338282379,0.001348322429564397,1000,,0,0,1000,909751788,0.1
732,0.918,1.1135000239637094e-05,6.75660787141652e-06,1.1135000239637094e-05,1000,,0,0,1000,958119602,0.1
733,0.57,0.00020099918394389515,0.004500336797646276,0.00020099918394389515,1000,,0,0,1000,651342671,0.1
734,0.83,4.576729057337303e-05,0.0015092149765436602,4.576729057337303e-05,1000,,0,0,1000,321100131,0.1
735,0.697,0.00013611965050130959,0.0001258879213404951,0.00013611965050130959,1000,,0,0,1000,484557599,0.1
736,0.677,0.0001637868919124319,0.001208719611405784,0.0001637868919124319,1000,,0,0,1000,918675401,0.1
737,0.969,7.825639390723893e-06,0.001752236979977062,7.825639390723893e-06,1000,,0,0,1000,498647682,0.1
738,0.579,0.00023486504042269374,0.0010361411704885581,0.00023486504042269374,1000,,0,0,1000,1107116147,0.1
739,0.727,0.00010389149823619714,0.0001618306445942963,0.00010389149823619714,1000,,0,0,1000,337685453,0.1
740,0.998,2.2624784289382305e-06,0.0006251831517358752,2.2624784289382305e-06,1000,,0,0,1000,1829436784,0.1
741,0.675,0.000142216096584602,0.00033626509935136273,0.000142216096584602,1000,,0,0,1000,1668596052,0.1
742,0.761,6.21949646947284e-05,0.0022607503722861244,6.21949646947284e-05,1000,,0,0,1000,789073188,0.1
743,0.274,0.0008386664046059478,0.0056138170596120585,0.0008386664046059478,1000,,0,0,1000,2114098345,0.1
744,0.532,0.0002916609252273661,0.000979803422543002,0.0002916609252273661,1000,,0,0,1000,722807416,0.1
745,0.143,0.0015284152799375228,0.0005163932270452198,0.0015284152799375228,1000,,0,0,1000,1652808414,0.1
746,0.089,0.0020276615006562526,0.0025339431104649535,0.0020276615006562526,1000,,0,0,1000,1964815653,0.1
747,0.546,0.00034575171715467423,2.942008026651788e-05,0.00034575171715467423,1000,,0,0,1000,1379898750,0.1
748,0.801,4.87334071908041e-05,0.0002385196064449424,4.87334071908041e-05,1000,,0,0,1000,1487422850,0.1
749,0.089,0.002253794962176814,0.00017177054118067137,0.002253794962176814,1000,,0,0,1000,1596421171,0.1
750,0.541,0.00034891436548822874,0.002355318016143637,0.00034891436548822874,1000,,0,0,1000,81191522,0.1
751,0.221,0.0010520116138081903,1.6553126623408687e-05,0.0010520116138081903,1000,,0,0,1000,666701465,0.1
752,0.579,0.0002673545396372212,0.002080059988171623,0.0002673545396372212,1000,,0,0,1000,909242883,0.1
753,0.781,5.167063221844792e-05,7.44582432251617e-05,5.167063221844792e-05,1000,,0,0,1000,52073828,0.1
754,0.597,0.00022331791023899594,0.0009230300546859693,0.00022331791023899594,1000,,0,0,1000,286679959,0.1
755,0.544,0.0002710864314624528,7.857940686473164e-06,0.0002710864314624528,1000,,0,0,1000,1910236733,0.1
756,0.989,2.9597588202534553e-07,4.035891626286148e-05,2.9597588202534553e-07,1000,,0,0,1000,440683096,0.1
757,0.941,1.0999292004321148e-05,0.000683723342481235,1.0999292004321148e-05,1000,,0,0,1000,1001306848,0.1
758,0.455,0.0004653255243084464,0.0006927236380690482,0.0004653255243084464,1000,,0,0,1000,2122792871,0.1
759,0.733,8.582982215077362e-05,0.00026885618032790326,8.582982215077362e-05,1000,,0,0,1000,682261488,0.1
760,0.12,0.0017927894818414725,0.00010049587779936697,0.0017927894818414725,1000,,0,0,1000,811340659,0.1
761,0.543,0.0003367977178970749,0.0001362854333775143,0.0003367977178970749,1000,,0,0,1000,1602464313,0.1
762,0.999,2.502406056814621e-07,6.018067392477011e-05,2.502406056814621e-07,1000,,0,0,1000,1002719606,0.1
763,0.341,0.0007416816118989145,4.054178222245852e-06,0.0007416816118989145,1000,,0,0,1000,845253353,0.1
764,0.497,0.0003562568836856794,0.001106129276127299,0.0003562568836856794,1000,,0,0,1000,617964765,0.1
765,0.993,2.6072603254156945e-07,0.0010124041611456747,2.6072603254156945e-07,1000,,0,0,1000,426142202,0.1
766,0.371,0.0005959558549689659,0.002198042676968215,0.0005959558549689659,1000,,0,0,1000,635567244,0.1
767,0.784,6.615410117305487e-05,0.0002963952736444453,6.615410117305487e-05,1000,,0,0,1000,1957311931,0.1
768,0.311,0.0008025628645978999,0.0017417451090773195,0.0008025628645978999,1000,,0,0,1000,1264571663,0.1
769,0.141,0.0015765117247557026,0.0018892672786878784,0.0015765117247557026,1000,,0,0,1000,1535284410,0.1
770,0.143,0.0015161463735514635,0.0018271452429917678,0.0015161463735514635,1000,,0,0,1000,1359738645,0.1
771,0.034,0.0033125001611032934,0.0011159470292364526,0.0033125001611032934,1000,,0,0,1000,606637671,0.1
772,0.207,0.0012716955722107404,0.00013737469667596258,0.0012716955722107404,1000,,0,0,1000,305283049,0.1
773,0.031,0.0034088536157753646,0.0012080152430336,0.0034088536157753646,1000,,0,0,1000,715562869,0.1
774,0.462,0.0004860279676075496,9.294078812427387e-05,0.0004860279676075496,1000,,0,0,1000,1810187643,0.1
775,0.465,0.0004151478313616508,2.1150637569467e-05,0.0004151478313616508,1000,,0,0,1000,723340102,0.1
776,0.672,0.00015761373489386887,0.006324342405417682,0.00015761373489386887,1000,,0,0,1000,2130961934,0.1
777,0.156,0.0015134341640009596,0.00011281174042587772,0.0015134341640009596,1000,,0,0,1000,852200857,0.1
778,0.504,0.0003067721689552494,0.0027403457170500634,0.0003067721689552494,1000,,0,0,1000,491290214,0.1
779,0.652,0.00018234492992752482,1.2788973242527923e-05,0.00018234492992752482,1000,,0,0,1000,2039984912,0.1
780,0.891,2.2481643204508295e-05,0.002953495414650509,2.2481643204508295e-05,1000,,0,0,1000,1664584713,0.1
781,0.534,0.00033020129000160825,7.202485733592834e-05,0.00033020129000160825,1000,,0,0,1000,2044479626,0.1
782,0.18,0.0012957406183663478,0.0002465580136596923,0.0012957406183663478,1000,,0,0,1000,747230232,0.1
783,0.998,5.376300427073488e-08,2.3343054309510336e-06,5.376300427073488e-08,1000,,0,0,1000,381854288,0.1
784,0.84,3.128672057883808e-05,5.433948174726755e-05,3.128672057883808e-05,1000,,0,0,1000,1553003503,0.1
785,0.693,0.00011512220217069213,0.0012197153903069635,0.00011512220217069213,1000,,0,0,1000,1175129040,0.1
786,0.478,0.000291104868778036,0.00014634576564098722,0.000291104868778036,1000,,0,0,1000,1311049362,0.1
787,0.753,9.828703459346944e-05,0.0002468581788713786,9.828703459346944e-05,1000,,0,0,1000,1105085124,0.1
788,0.139,0.0016335911564258065,9.273081435945407e-06,0.0016335911564258065,1000,,0,0,1000,694497352,0.1
789,0.598,0.00018609093220522954,0.0021571581442363374,0.00018609093220522954,1000,,0,0,1000,26315024,0.1
790,0.886,1.5369898295536366e-05,0.00044460878794749803,1.5369898295536366e-05,1000,,0,0,1000,988818304,0.1
791,0.779,6.865839904124371e-05,0.00019835305761872757,6.865839904124371e-05,1000,,0,0,1000,827049399,0.1
792,0.558,0.00028118302302271303,0.0008651311052116917,0.00028118302302271303,1000,,0,0,1000,61536810,0.1
793,0.298,0.00081759856363528,1.1208817368490998e-05,0.00081759856363528,1000,,0,0,1000,451911966,0.1
794,0.955,2.6821442011826235e-06,6.697122858223548e-05,2.6821442011826235e-06,1000,,0,0,1000,213972095,0.1
795,0.831,3.336786393381974e-05,0.0015014280057318308,3.336786393381974e-05,1000,,0,0,1000,705446769,0.1
796,0.752,0.00010316672956789397,0.0010053221827817094,0.00010316672956789397,1000,,0,0,1000,766038215,0.1
797,0.212,0.0011492805938410067,0.001433866260707517,0.0011492805938410067,1000,,0,0,1000,13275141,0.1
798,0.409,0.00056514960565901,1.4994770532017476e-05,0.00056514960565901,1000,,0,0,1000,431482049,0.1
799,0.04,0.0035975802451635452,2.0673314544250587e-05,0.0035975802451635452,1000,,0,0,1000,420920042,0.1
800,0.04,0.042603031748781106,0.016769988590921492,0.042603031748781106,50,,0,0,1000,594500372,0.3
801,0.222,0.024384595616920413,0.002184936976997398,0.024384595616920413,50,,0,0,1000,227378921,0.3
802,0.571,0.00504726258082,0.02431181305754959,0.00504726258082,50,,0,0,1000,1684584855,0.3
803,0.049,0.046827562819672486,4.284552494238092e-05,0.046827562819672486,50,,0,0,1000,26048843,0.3
804,1.0,0.0011619102115970614,0.0048454590224163985,0.0011619102115970614,50,,0,0,1000,1736726681,0.3
805,0.572,0.00504726258082,0.024889616014697857,0.00504726258082,50,,0,0,1000,480297285,0.3
806,0.128,0.042028644140121196,0.05381085286289633,0.042028644140121196,50,,0,0,1000,1413896793,0.3
807,0.355,0.01802599523481463,0.005128280996961165,0.01802599523481463,50,,0,0,1000,120559324,0.3
808,0.253,0.02438459561692019,0.0003433529093850307,0.02438459561692019,50,,0,0,1000,2104729954,0.3
809,0.891,6.860932554531018e-05,0.0005427882316513255,6.860932554531018e-05,50,,0,0,1000,1733962011,0.3
810,0.998,6.821021791192372e-05,0.029265346915020363,6.821021791192372e-05,50,,0,0,1000,1849665728,0.3
811,0.744,0.004629007386573125,0.0025982776896757986,0.004629007386573125,50,,0,0,1000,1746560329,0.3
812,0.202,0.026348199871968903,0.01961289053272608,0.026348199871968903,50,,0,0,1000,236761756,0.3
813,0.545,0.010983306539249393,0.0045486938811930555,0.010983306539249393,50,,0,0,1000,691885717,0.3
814,0.904,3.040836638712463e-05,0.031584155574999384,3.040836638712463e-05,50,,0,0,1000,1179925294,0.3
815,0.99,6.821021791192372e-05,0.0007623962337415247,6.821021791192372e-05,50,,0,0,1000,163154054,0.3
816,0.997,7.376127498492924e-05,0.12170407738420463,7.376127498492924e-05,50,,0,0,1000,268397048,0.3
817,0.335,0.013639003142034367,0.01850074193767659,0.013639003142034367,50,,0,0,1000,941277921,0.3
818,0.211,0.03054926823924109,0.0043969212976630034,0.03054926823924109,50,,0,0,1000,1429223185,0.3
819,0.345,0.010742659802318588,0.0033655901533001797,0.010742659802318588,50,,0,0,1000,1084262735,0.3
820,0.978,7.074811309726314e-05,0.014434128421044856,7.074811309726314e-05,50,,0,0,1000,50771776,0.3
821,0.516,0.010480373595290526,0.02579440859616766,0.010480373595290526,50,,0,0,1000,210697780,0.3
822,1.0,0.00027996891578485616,0.0363453634375126,0.00027996891578485616,50,,0,0,1000,1772850115,0.3
823,0.561,0.010480373595290526,0.07562899244789634,0.010480373595290526,50,,0,0,1000,510697052,0.3
824,0.393,0.013639003142034367,0.029207027548802444,0.013639003142034367,50,,0,0,1000,1090053769,0.3
825,0.958,0.0009093349070690149,0.00041532235842201004,0.0009093349070690149,50,,0,0,1000,1511415784,0.3
826,0.987,6.821021791214577e-05,0.022030335029922354,6.821021791214577e-05,50,,0,0,1000,509011723,0.3
827,0.338,0.020156316775559846,0.01848480525653462,0.020156316775559846,50,,0,0,1000,141932935,0.3
828,0.777,0.0011619102115972835,0.011311243696898066,0.0011619102115972835,50,,0,0,1000,482788994,0.3
829,0.37,0.011579774083700811,0.038872382466647704,0.011579774083700811,50,,0,0,1000,2120032768,0.3
830,0.058,0.06035464440057947,0.010005416511969623,0.06035464440057947,50,,0,0,1000,1065480595,0.3
831,0.352,0.01363900314203459,0.0011061123686230134,0.01363900314203459,50,,0,0,1000,872349732,0.3
832,0.182,0.022274517106347202,0.011143760801735403,0.022274517106347202,50,,0,0,1000,916280135,0.3
833,0.998,0.0012251303712190742,0.04096409709828808,0.0012251303712190742,50,,0,0,1000,1206746724,0.3
834,0.766,0.0015816482997028647,0.028094995773524922,0.0015816482997028647,50,,0,0,1000,1898718261,0.3
835,0.722,0.0015816482997027537,0.009314156838702181,0.0015816482997027537,50,,0,0,1000,208877003,0.3
836,0.466,0.004689455997120673,0.047205668245356436,0.004689455997120673,50,,0,0,1000,316896504,0.3
837,0.748,0.004738798753085582,0.050294418047173606,0.004738798753085582,50,,0,0,1000,824861314,0.3
838,1.0,0.0012251303712188522,0.008636540033383655,0.0012251303712188522,50,,0,0,1000,2094638416,0.3
839,0.25,0.028729517060922527,0.004438429654221032,0.028729517060922527,50,,0,0,1000,1544285464,0.3
840,0.189,0.0266450350494154,0.02012460455306797,0.0266450350494154,50,,0,0,1000,1335139115,0.3
841,0.205,0.02378616686545587,0.002408159519795894,0.02378616686545587,50,,0,0,1000,2063006144,0.3
842,0.293,0.015771188223868693,0.00944304463077883,0.015771188223868693,50,,0,0,1000,1232493528,0.3
843,0.728,0.004689455997120451,0.02623399478620414,0.004689455997120451,50,,0,0,1000,195688888,0.3
844,0.546,0.010480373595290526,0.009485688884266819,0.010480373595290526,50,,0,0,1000,1099428195,0.3
845,0.754,0.005143275943184311,0.000668335170659784,0.005143275943184311,50,,0,0,1000,1723556726,0.3
846,0.26,0.019494347924212785,0.00630547063520015,0.019494347924212785,50,,0,0,1000,844614671,0.3
847,0.406,0.018823158596708467,0.004049406730075034,0.018823158596708467,50,,0,0,1000,863918622,0.3
848,0.162,0.02924308358145189,0.014622900105296766,0.02924308358145189,50,,0,0,1000,1856732763,0.3
849,0.521,0.005991742603185135,0.018467461934037477,0.005991742603185135,50,,0,0,1000,555341088,0.3
850,0.768,0.004634357655876609,0.0009293810455626161,0.004634357655876609,50,,0,0,1000,732550112,0.3
851,0.55,0.009755749497638133,0.003069612359561047,0.009755749497638133,50,,0,0,1000,2094872430,0.3
852,0.246,0.02535988507277287,0.03619808814508807,0.02535988507277287,50,,0,0,1000,355900812,0.3
853,0.734,0.004022787281856344,0.014877853653749495,0.004022787281856344,50,,0,0,1000,646199363,0.3
854,0.916,0.0005458747821032173,0.02832033647608212,0.0005458747821032173,50,,0,0,1000,1601948420,0.3
855,0.785,0.0017377606526096656,0.011116566653130655,0.0017377606526096656,50,,0,0,1000,1023947632,0.3
856,0.285,0.011057532753025123,0.00896589733801978,0.011057532753025123,50,,0,0,1000,1306516106,0.3
857,0.683,0.0022243461164637157,0.014302372942303188,0.0022243461164637157,50,,0,0,1000,858920524,0.3
858,0.56,0.005956883861232165,0.004534148230948554,0.005956883861232165,50,,0,0,1000,1969029728,0.3
859,0.64,0.0036676329935946272,0.005922880693331356,0.0036676329935946272,50,,0,0,1000,88993087,0.3
860,0.989,0.0012072266433751366,0.011715722466789757,0.0012072266433751366,50,,0,0,1000,1152049259,0.3
861,0.998,0.0009141533425363058,0.018426112039294895,0.0009141533425363058,50,,0,0,1000,1647287801,0.3
862,0.424,0.010246370133387694,0.011663412631269576,0.010246370133387694,50,,0,0,1000,1464632899,0.3
863,0.737,0.0020541894656775916,0.013784791438251509,0.0020541894656775916,50,,0,0,1000,792455547,0.3
864,0.725,0.0011619102115972835,0.024059320281505814,0.0011619102115972835,50,,0,0,1000,1056254520,0.3
865,0.094,0.03832839204742389,0.009532368502263466,0.03832839204742389,50,,0,0,1000,414871273,0.3
866,0.791,0.0015816482997023096,0.0096811012103174,0.0015816482997023096,50,,0,0,1000,1792803285,0.3
867,0.564,0.009735912374354339,0.0035459811026429255,0.009735912374354339,50,,0,0,1000,1122809341,0.3
868,0.998,0.0011619102115970614,0.014772153457047299,0.0011619102115970614,50,,0,0,1000,218119265,0.3
869,0.821,0.0015816482997028647,0.08974012780328322,0.0015816482997028647,50,,0,0,1000,2006749843,0.3
870,0.032,0.07272535513552503,0.0018918370849716482,0.07272535513552503,50,,0,0,1000,1343511575,0.3
871,0.363,0.015050471001329169,0.10670407607859556,0.015050471001329169,50,,0,0,1000,1598810395,0.3
872,0.075,0.050758302868133987,0.003044488738676021,0.050758302868133987,50,,0,0,1000,92326936,0.3
873,0.665,0.0020389257485144974,0.007452798256205928,0.0020389257485144974,50,,0,0,1000,1971196916,0.3
874,0.564,0.010983306539249393,0.0573488067745932,0.010983306539249393,50,,0,0,1000,240126597,0.3
875,0.415,0.01157977408370059,0.041652268669747805,0.01157977408370059,50,,0,0,1000,658476859,0.3
876,0.955,3.094723735652671e-05,0.007949958017501424,3.094723735652671e-05,50,,0,0,1000,1053185624,0.3
877,0.791,0.00473879875308536,1.763661715559195e-07,0.00473879875308536,50,,0,0,1000,816088284,0.3
878,0.249,0.02869862995052519,0.04212881095516463,0.02869862995052519,50,,0,0,1000,580661992,0.3
879,0.262,0.027927182536087947,0.0011923016497719097,0.027927182536087947,50,,0,0,1000,1034531545,0.3
880,0.704,0.0036676329935947383,1.3035830115581959e-05,0.0036676329935947383,50,,0,0,1000,720987982,0.3
881,0.518,0.005956883861232165,0.007929622622233623,0.005956883861232165,50,,0,0,1000,1230472385,0.3
882,0.6,0.005652123517150831,0.004614229229987776,0.005652123517150831,50,,0,0,1000,1465461198,0.3
883,0.941,6.821021791214577e-05,0.0007844447887549455,6.821021791214577e-05,50,,0,0,1000,1011999949,0.3
884,0.975,7.480943316928723e-06,0.03939900639645577,7.480943316928723e-06,50,,0,0,1000,277807642,0.3
885,0.122,0.04202864414012142,0.015746778623404678,0.04202864414012142,50,,0,0,1000,1942887102,0.3
886,0.475,0.005956883861232387,0.02770023671623989,0.005956883861232387,50,,0,0,1000,1901528067,0.3
887,0.837,0.0009178421692473959,0.051329781711510813,0.0009178421692473959,50,,0,0,1000,1894191543,0.3
888,0.732,0.0020605333353940214,0.00021667282452431103,0.0020605333353940214,50,,0,0,1000,126439459,0.3
889,0.759,0.004094072237713298,0.01682728610319506,0.004094072237713298,50,,0,0,1000,1706820304,0.3
890,0.107,0.037649355429605125,0.03360744780749725,0.037649355429605125,50,,0,0,1000,1770770962,0.3
891,0.236,0.030404279220892727,0.08022700365935997,0.030404279220892727,50,,0,0,1000,273488398,0.3
892,0.31,0.011579774083700811,0.010988028094154445,0.011579774083700811,50,,0,0,1000,1737877757,0.3
893,0.527,0.005322215610265801,0.0076336355227376584,0.005322215610265801,50,,0,0,1000,1571966147,0.3
894,0.886,0.00010550844910339752,0.0006377087778193236,0.00010550844910339752,50,,0,0,1000,915000442,0.3
895,0.747,0.004586599896485355,0.0010885542822932637,0.004586599896485355,50,,0,0,1000,523140456,0.3
896,0.012,0.07540025945591644,0.003953552345141054,0.07540025945591644,50,,0,0,1000,130781937,0.3
897,0.775,0.0019252218536086607,0.0011473240200307044,0.0019252218536086607,50,,0,0,1000,844415982,0.3
898,0.591,0.0050648432727805615,0.011759962528326229,0.0050648432727805615,50,,0,0,1000,1592004588,0.3
899,0.255,0.029378859938144597,0.004431031084557668,0.029378859938144597,50,,0,0,1000,1163982875,0.3
