,p,r2_y_c,r2_yhat_c,r2_y_yhat,n,c_to_y_ratio_in_yhat,yc_in_yhat,cov_y_c,num_perms,random_seed
0,0.22,0.03189279273199208,0.03189279273199208,0.007913262910254916,50,0,0,0,1000,1019282514
1,0.84,0.0009741549387564108,0.0009741549387564108,0.01098647742462517,50,0,0,0,1000,1679872250
2,0.793,0.001842297768457346,0.001842297768457346,0.009598313652081868,50,0,0,0,1000,1837932928
3,0.781,0.0022952239393748686,0.0022952239393748686,0.012251384382540677,50,0,0,0,1000,1442006727
4,0.513,0.011048859083173435,0.011048859083173435,0.05501225430795733,50,0,0,0,1000,221822463
5,0.584,0.0060385601641819164,0.0060385601641819164,0.0010118457735284196,50,0,0,0,1000,509771608
6,0.485,0.008970459559532462,0.008970459559532462,0.016680157118053224,50,0,0,0,1000,1530295774
7,0.938,0.0002536622073152639,0.0002536622073152639,0.005528201995019812,50,0,0,0,1000,385390263
8,0.949,9.172969010395882e-05,9.172969010395882e-05,0.042606628462017036,50,0,0,0,1000,1825954996
9,0.92,0.00021503568283154362,0.00021503568283154362,0.030067456601866507,50,0,0,0,1000,744368653
10,0.575,0.007216361396728543,0.007216361396728543,0.0063491973104737925,50,0,0,0,1000,62625325
11,0.556,0.007659643932626858,0.007659643932626858,0.008542956193598126,50,0,0,0,1000,326653715
12,0.241,0.03022125635607187,0.03022125635607187,0.0016665473752981194,50,0,0,0,1000,283920944
13,0.117,0.04786381068208423,0.04786381068208423,0.023990267663185554,50,0,0,0,1000,668789807
14,0.037,0.08796155070072309,0.08796155070072309,0.012978281253395072,50,0,0,0,1000,2027587152
15,0.029,0.06390135178341694,0.06390135178341694,0.019427396535194572,50,0,0,0,1000,513262592
16,0.58,0.006004981066701998,0.006004981066701998,0.010141587977697528,50,0,0,0,1000,1975749735
17,0.03,0.09627228819237099,0.09627228819237099,0.016758065467898903,50,0,0,0,1000,1167280423
18,0.639,0.0047730371341158095,0.0047730371341158095,0.01428809433659483,50,0,0,0,1000,2007660583
19,0.324,0.018618692077680854,0.018618692077680854,0.015991971316728602,50,0,0,0,1000,1970764024
20,0.337,0.01859779681747531,0.01859779681747531,0.00033541755545464465,50,0,0,0,1000,63871913
21,0.863,0.0007155012912889447,0.0007155012912889447,2.2572565271440777e-05,50,0,0,0,1000,954051228
22,0.952,7.212920506405318e-05,7.212920506405318e-05,0.012550029087949102,50,0,0,0,1000,1156649634
23,0.58,0.006447852240329288,0.006447852240329288,0.00024398151161298076,50,0,0,0,1000,1632697641
24,0.71,0.002492359667376487,0.002492359667376487,0.010799619795287495,50,0,0,0,1000,1572200133
25,0.713,0.0028647953536506954,0.0028647953536506954,0.002808400198711601,50,0,0,0,1000,1235406039
26,0.505,0.008018604940786767,0.008018604940786767,0.01794149400684084,50,0,0,0,1000,1407710297
27,0.036,0.08384284928429708,0.08384284928429708,0.025437420743479253,50,0,0,0,1000,1099262776
28,0.507,0.00814858890283654,0.00814858890283654,0.0032072693840676904,50,0,0,0,1000,92382466
29,0.194,0.030841163403751204,0.030841163403751204,0.02478786892457783,50,0,0,0,1000,1411240924
30,0.404,0.014138060980800282,0.014138060980800282,0.12388641088922372,50,0,0,0,1000,1772108105
31,0.614,0.003817065208815751,0.003817065208815751,0.0007922690531326483,50,0,0,0,1000,2033087279
32,0.745,0.0039014722943476743,0.0039014722943476743,0.1385051695431503,50,0,0,0,1000,954521694
33,0.489,0.010597600420437225,0.010597600420437225,0.009479012956259204,50,0,0,0,1000,1965599707
34,0.829,0.0008516385864069109,0.0008516385864069109,0.011534283167309223,50,0,0,0,1000,121509168
35,0.956,9.949476914039579e-05,9.949476914039579e-05,0.006592960362246007,50,0,0,0,1000,1546692160
36,0.8,0.0013876515985649096,0.0013876515985649096,0.03241631074210215,50,0,0,0,1000,1779326814
37,0.6,0.006571237314025535,0.006571237314025535,0.027033905506610573,50,0,0,0,1000,263613230
38,0.089,0.05404778527795262,0.05404778527795262,0.010182849270792303,50,0,0,0,1000,575081790
39,0.925,0.0002552889382171353,0.0002552889382171353,0.0005517707254643826,50,0,0,0,1000,1952795859
40,0.307,0.02407849105288018,0.02407849105288018,0.051123792906723836,50,0,0,0,1000,1317866667
41,0.308,0.022981858832054614,0.022981858832054614,0.010821825665515598,50,0,0,0,1000,1531761554
42,0.252,0.02945421553149752,0.02945421553149752,3.984448738490666e-06,50,0,0,0,1000,673934066
43,0.004,0.2151410341007859,0.2151410341007859,0.016603419072680283,50,0,0,0,1000,758712243
44,0.028,0.07990341255866984,0.07990341255866984,0.011909886173420791,50,0,0,0,1000,916824962
45,0.759,0.002451029762789214,0.002451029762789214,0.0023305945931753618,50,0,0,0,1000,475381739
46,0.994,1.456919234366083e-06,1.456919234366083e-06,0.05286624382753039,50,0,0,0,1000,2017410956
47,0.676,0.003814175854560453,0.003814175854560453,0.00614824438738162,50,0,0,0,1000,1962968207
48,0.509,0.00859652333328842,0.00859652333328842,0.007635777417835598,50,0,0,0,1000,1516260517
49,0.409,0.01475914240045273,0.01475914240045273,0.05128643201027704,50,0,0,0,1000,1751674605
50,0.488,0.010568745969915971,0.010568745969915971,0.0027925774227829585,50,0,0,0,1000,275394254
51,0.272,0.025955101755546273,0.025955101755546273,0.0035100270349391117,50,0,0,0,1000,730817417
52,0.902,0.0003844724416846024,0.0003844724416846024,0.08391319152388826,50,0,0,0,1000,1547586068
53,0.985,1.2791956400026727e-05,1.2791956400026727e-05,0.00015612044107374644,50,0,0,0,1000,2067636100
54,0.142,0.04489696998668058,0.04489696998668058,0.002959919344252613,50,0,0,0,1000,632632655
55,0.606,0.004915771535579205,0.004915771535579205,0.05137212721188317,50,0,0,0,1000,1468421546
56,0.13,0.047657242551341183,0.047657242551341183,0.06429521978695575,50,0,0,0,1000,1005374725
57,0.681,0.004137949096700622,0.004137949096700622,0.006983922944198992,50,0,0,0,1000,78165742
58,0.657,0.0021873469500819365,0.0021873469500819365,0.00015634972313225445,50,0,0,0,1000,1080121834
59,0.586,0.00815269143801245,0.00815269143801245,0.005228199599896999,50,0,0,0,1000,826541444
60,0.441,0.013897653797862564,0.013897653797862564,6.793661782845274e-06,50,0,0,0,1000,215117809
61,0.926,0.00022150450669977673,0.00022150450669977673,0.09168413085829048,50,0,0,0,1000,305128647
62,0.014,0.12209634140294268,0.12209634140294268,0.0002483775968688015,50,0,0,0,1000,631354571
63,0.774,0.0015783974618207575,0.0015783974618207575,0.09780531222887573,50,0,0,0,1000,760648162
64,0.18,0.033403918443894454,0.033403918443894454,0.0017881723364691821,50,0,0,0,1000,553576721
65,0.249,0.027721236209307554,0.027721236209307554,0.06813344799945796,50,0,0,0,1000,2078160693
66,0.782,0.005890168406377905,0.005890168406377905,0.043126267913156775,50,0,0,0,1000,2019846921
67,0.859,0.0007090755348930777,0.0007090755348930777,0.00697794941178213,50,0,0,0,1000,1279013547
68,0.335,0.020026862330982165,0.020026862330982165,0.0005110162270760832,50,0,0,0,1000,1134490754
69,0.926,0.00020315797287440152,0.00020315797287440152,0.04494084908783111,50,0,0,0,1000,849951427
70,0.792,0.001633533999616743,0.001633533999616743,0.0320254679935375,50,0,0,0,1000,1243751187
71,0.633,0.005505047398166374,0.005505047398166374,0.01684328180004786,50,0,0,0,1000,394876318
72,0.308,0.02168803143486464,0.02168803143486464,0.01524286215715811,50,0,0,0,1000,1285457632
73,0.553,0.007234491369434437,0.007234491369434437,0.0473147862439596,50,0,0,0,1000,595765758
74,0.103,0.05311245790380925,0.05311245790380925,0.000986599461577326,50,0,0,0,1000,1201503691
75,0.795,0.0017535500622598565,0.0017535500622598565,0.04569570012919622,50,0,0,0,1000,1542418348
76,0.574,0.006764902062270872,0.006764902062270872,9.656615612501321e-05,50,0,0,0,1000,244592230
77,0.802,0.001491582003986025,0.001491582003986025,0.05802782421391002,50,0,0,0,1000,1969263265
78,0.285,0.02383908236535426,0.02383908236535426,0.00019641190018760218,50,0,0,0,1000,1096437208
79,0.67,0.003725716382483535,0.003725716382483535,0.0007583473977974299,50,0,0,0,1000,908217484
80,0.184,0.03838766290964113,0.03838766290964113,0.014506054255433155,50,0,0,0,1000,152089541
81,0.154,0.03926712361839946,0.03926712361839946,0.0007171713374068069,50,0,0,0,1000,394114712
82,0.27,0.024404843615940863,0.024404843615940863,0.0183208877345829,50,0,0,0,1000,941097907
83,0.361,0.016079583459005842,0.016079583459005842,0.024394464814278375,50,0,0,0,1000,1075348184
84,0.872,0.0006187148357824634,0.0006187148357824634,0.00023828655027021708,50,0,0,0,1000,501147184
85,0.154,0.03731444078992163,0.03731444078992163,0.011891083418891158,50,0,0,0,1000,1768542267
86,0.957,6.161566251083883e-05,6.161566251083883e-05,0.004802478035888169,50,0,0,0,1000,613563948
87,0.429,0.014805865498528692,0.014805865498528692,0.0009066851881155309,50,0,0,0,1000,780420734
88,0.57,0.006844791628038083,0.006844791628038083,0.00787021546886775,50,0,0,0,1000,1530635368
89,0.57,0.007200491733421965,0.007200491733421965,0.016050927833999716,50,0,0,0,1000,1049747644
90,0.251,0.027448049101126193,0.027448049101126193,0.029156661846865363,50,0,0,0,1000,2133868785
91,0.262,0.02893043089079228,0.02893043089079228,0.063025171546567,50,0,0,0,1000,1227640767
92,0.215,0.030761029528385997,0.030761029528385997,0.01394472534787468,50,0,0,0,1000,1400720309
93,0.687,0.003798606746163169,0.003798606746163169,3.860665586340119e-06,50,0,0,0,1000,1875327350
94,0.577,0.008326120366182299,0.008326120366182299,0.002288820449884829,50,0,0,0,1000,998633014
95,0.654,0.005470712760927143,0.005470712760927143,0.0035193235792495402,50,0,0,0,1000,1495616662
96,0.835,0.0010002546563127046,0.0010002546563127046,0.03287755576206262,50,0,0,0,1000,2077593581
97,0.311,0.02106597820946554,0.02106597820946554,0.03265882689987277,50,0,0,0,1000,1777051770
98,0.296,0.023465153680102824,0.023465153680102824,0.04622347527712624,50,0,0,0,1000,1966510930
99,0.618,0.007229383939753586,0.007229383939753586,0.010679136756523289,50,0,0,0,1000,504192306
100,0.303,0.01035531262474243,0.01035531262474243,0.0003671104389451204,100,0,0,0,1000,1604458567
101,0.965,1.1211163338020746e-05,1.1211163338020746e-05,0.01999663309352204,100,0,0,0,1000,774880851
102,0.505,0.004185852336158202,0.004185852336158202,0.0010785143892268827,100,0,0,0,1000,227552889
103,0.712,0.0013669818935425626,0.0013669818935425626,0.0005867017788302256,100,0,0,0,1000,16906905
104,0.251,0.013000855918921639,0.013000855918921639,0.005505455013090292,100,0,0,0,1000,55384970
105,0.246,0.01344710251126835,0.01344710251126835,0.03957947640992968,100,0,0,0,1000,2132110259
106,0.785,0.0007496709433920667,0.0007496709433920667,0.012388519365778745,100,0,0,0,1000,216666703
107,0.436,0.006237611755459782,0.006237611755459782,0.009819419162090231,100,0,0,0,1000,296224385
108,0.359,0.009534964919674871,0.009534964919674871,0.0015307874761368075,100,0,0,0,1000,1619298557
109,0.344,0.008252292325952482,0.008252292325952482,0.007693960273274749,100,0,0,0,1000,1541312302
110,0.124,0.02145006605571842,0.02145006605571842,0.0022784751297233235,100,0,0,0,1000,62559325
111,0.178,0.018155570124631648,0.018155570124631648,0.02791649592016717,100,0,0,0,1000,1681594616
112,0.542,0.003993962546046004,0.003993962546046004,0.003251937874224204,100,0,0,0,1000,358777621
113,0.563,0.003490038356985581,0.003490038356985581,7.325885157452212e-05,100,0,0,0,1000,1754616452
114,0.486,0.005100198745557116,0.005100198745557116,0.0003936478828718075,100,0,0,0,1000,46788485
115,0.648,0.0023926251231488616,0.0023926251231488616,0.017625317058132063,100,0,0,0,1000,510160670
116,0.269,0.012612984292527885,0.012612984292527885,0.0017775975800084672,100,0,0,0,1000,454673985
117,0.245,0.013504579336604428,0.013504579336604428,0.0015875877035840063,100,0,0,0,1000,636524282
118,0.223,0.016386376984154127,0.016386376984154127,2.00488653337992e-05,100,0,0,0,1000,291875639
119,0.106,0.02475080729341783,0.02475080729341783,0.019796810363188273,100,0,0,0,1000,1384953418
120,0.799,0.0007485705490181127,0.0007485705490181127,0.028291512189227833,100,0,0,0,1000,470824762
121,0.474,0.004946099345791599,0.004946099345791599,0.02882614738092528,100,0,0,0,1000,528486959
122,0.313,0.010035899617600874,0.010035899617600874,0.04022717061255898,100,0,0,0,1000,185433238
123,0.028,0.05222613678578336,0.05222613678578336,0.016023780296676404,100,0,0,0,1000,1530812528
124,0.783,0.0007782758389369704,0.0007782758389369704,0.0031352922791484626,100,0,0,0,1000,647861397
125,0.192,0.01671895995069761,0.01671895995069761,0.00111348412616019,100,0,0,0,1000,563383994
126,0.413,0.007323176948294208,0.007323176948294208,0.005617553789713109,100,0,0,0,1000,1179513918
127,0.953,5.226902517452281e-05,5.226902517452281e-05,0.01997833042347957,100,0,0,0,1000,781409813
128,0.961,2.7335514803605854e-05,2.7335514803605854e-05,0.00141036848178493,100,0,0,0,1000,244280760
129,0.941,7.412406640583402e-05,7.412406640583402e-05,0.00762435617730323,100,0,0,0,1000,1149967382
130,0.755,0.0010550132024977898,0.0010550132024977898,0.00035264580343322924,100,0,0,0,1000,1027204489
131,0.776,0.0006882836050444707,0.0006882836050444707,0.015383594404550387,100,0,0,0,1000,1858402418
132,0.544,0.003867946163534808,0.003867946163534808,0.030780524275101726,100,0,0,0,1000,1713922561
133,0.757,0.000889396460670766,0.000889396460670766,0.07274665546435129,100,0,0,0,1000,1192757155
134,0.324,0.010754414734862938,0.010754414734862938,0.00439782382820123,100,0,0,0,1000,1524823068
135,0.235,0.014346499838197802,0.014346499838197802,0.0005188097692570954,100,0,0,0,1000,1513983115
136,0.047,0.0354253041056628,0.0354253041056628,0.0015678666552063378,100,0,0,0,1000,28269538
137,0.175,0.020514518042357155,0.020514518042357155,0.009850417524573217,100,0,0,0,1000,1996779031
138,0.809,0.0007326722507292605,0.0007326722507292605,0.017140397882009065,100,0,0,0,1000,2063599293
139,0.896,0.0002072264742791763,0.0002072264742791763,0.0011900617391971638,100,0,0,0,1000,1990083466
140,0.737,0.001322456032300856,0.001322456032300856,0.004382967870383156,100,0,0,0,1000,661943137
141,0.52,0.0043295777879650554,0.0043295777879650554,0.0026299251076547263,100,0,0,0,1000,1403562992
142,0.382,0.00750768426998949,0.00750768426998949,0.03194121581226077,100,0,0,0,1000,363122471
143,0.474,0.00602095757069987,0.00602095757069987,0.0021066267491831586,100,0,0,0,1000,491222027
144,0.687,0.0019311670109954937,0.0019311670109954937,0.015471681996131722,100,0,0,0,1000,432298836
145,0.119,0.024244637390511414,0.024244637390511414,0.0005348922789660421,100,0,0,0,1000,1304709030
146,0.063,0.03518625662801489,0.03518625662801489,0.0028159749394347836,100,0,0,0,1000,1467770045
147,0.207,0.01797998428787939,0.01797998428787939,0.024643527908291895,100,0,0,0,1000,1549830519
148,0.57,0.0031398880774129445,0.0031398880774129445,0.04553757222000429,100,0,0,0,1000,1514058593
149,0.76,0.001048079673412805,0.001048079673412805,0.0031389314579988187,100,0,0,0,1000,987229037
150,0.301,0.010426384515586529,0.010426384515586529,1.3635214770597055e-06,100,0,0,0,1000,432725415
151,0.472,0.00619768968794987,0.00619768968794987,0.007281000158050092,100,0,0,0,1000,1591096261
152,0.219,0.015653473040348143,0.015653473040348143,0.00016797873810487697,100,0,0,0,1000,264695457
153,0.297,0.011573321971994566,0.011573321971994566,0.000785479001037744,100,0,0,0,1000,1042393695
154,0.38,0.009924075516345998,0.009924075516345998,0.0005714061696768301,100,0,0,0,1000,729062470
155,0.589,0.0031061352117283114,0.0031061352117283114,0.0028267866036673452,100,0,0,0,1000,1017936139
156,0.531,0.003906370040694052,0.003906370040694052,0.012384666713878102,100,0,0,0,1000,1846930476
157,0.603,0.002692691482675036,0.002692691482675036,1.703475363572508e-05,100,0,0,0,1000,373277956
158,0.237,0.016582925285817063,0.016582925285817063,0.022059150135815046,100,0,0,0,1000,2017905715
159,0.865,0.0002743072640108979,0.0002743072640108979,0.0061711481618468116,100,0,0,0,1000,1202071144
160,0.372,0.008366315646837763,0.008366315646837763,0.0004023280386500729,100,0,0,0,1000,1778608981
161,0.311,0.010307992029896185,0.010307992029896185,0.010189653936388585,100,0,0,0,1000,17804671
162,0.377,0.0073411765656891115,0.0073411765656891115,0.0003186134717373471,100,0,0,0,1000,572750107
163,0.119,0.027254417062870684,0.027254417062870684,0.0032182515309935556,100,0,0,0,1000,207565000
164,0.697,0.0014986929804760019,0.0014986929804760019,0.00021099450455098773,100,0,0,0,1000,1306816430
165,0.258,0.014280758614865663,0.014280758614865663,0.03001839561512015,100,0,0,0,1000,901143153
166,0.499,0.0052136586332653945,0.0052136586332653945,0.01095683385765569,100,0,0,0,1000,1806904980
167,0.257,0.014697472087803143,0.014697472087803143,0.0022782043774915457,100,0,0,0,1000,1821178177
168,0.348,0.009862593573188527,0.009862593573188527,0.0004103012171211591,100,0,0,0,1000,1654157772
169,0.13,0.023902751682212897,0.023902751682212897,0.01707278247671626,100,0,0,0,1000,160858905
170,0.552,0.0033493047091652794,0.0033493047091652794,0.019022303220028895,100,0,0,0,1000,1320129680
171,0.986,3.254889558212959e-06,3.254889558212959e-06,0.006001008851007008,100,0,0,0,1000,1128253970
172,0.82,0.0005990059416525195,0.0005990059416525195,3.673960166930523e-05,100,0,0,0,1000,1403243158
173,0.898,0.00013943351901757328,0.00013943351901757328,0.013622712509072045,100,0,0,0,1000,123756764
174,0.686,0.001884263380012463,0.001884263380012463,0.001864426955106914,100,0,0,0,1000,2100794139
175,0.705,0.0015669747148217006,0.0015669747148217006,0.002198421849246052,100,0,0,0,1000,409471048
176,0.186,0.017800853114244397,0.017800853114244397,0.001112024579662387,100,0,0,0,1000,834406432
177,0.746,0.0008986647531104008,0.0008986647531104008,0.00036392561158563903,100,0,0,0,1000,417687536
178,0.678,0.0018296199956620018,0.0018296199956620018,0.01428907805292813,100,0,0,0,1000,1290239217
179,0.946,2.860688502415165e-05,2.860688502415165e-05,0.0002044919844957883,100,0,0,0,1000,1616085243
180,0.452,0.0059540354604544765,0.0059540354604544765,0.005782339073745562,100,0,0,0,1000,47259107
181,0.928,8.402680872710011e-05,8.402680872710011e-05,5.613699719335317e-07,100,0,0,0,1000,914447942
182,0.059,0.03644424763839926,0.03644424763839926,0.01824701066617672,100,0,0,0,1000,1871798527
183,0.354,0.008608640004032608,0.008608640004032608,0.0006755159590263202,100,0,0,0,1000,168628923
184,0.392,0.008762372334164659,0.008762372334164659,0.00029190138801777195,100,0,0,0,1000,1388926771
185,0.187,0.017646343274789422,0.017646343274789422,0.022900402241228735,100,0,0,0,1000,760812298
186,0.39,0.008109664105846015,0.008109664105846015,0.0023143770332652155,100,0,0,0,1000,1931678383
187,0.09,0.02934502399257255,0.02934502399257255,0.0019644279593391324,100,0,0,0,1000,672815658
188,0.443,0.006137154079035256,0.006137154079035256,0.0001348576906595974,100,0,0,0,1000,1235241491
189,0.7,0.0016199990129747155,0.0016199990129747155,0.0007012994701721452,100,0,0,0,1000,298894897
190,0.854,0.0004205149688399912,0.0004205149688399912,0.007976526190867054,100,0,0,0,1000,2055613399
191,0.921,0.00012520915902092256,0.00012520915902092256,0.0002978096448455019,100,0,0,0,1000,1279573029
192,0.577,0.003293140732318345,0.003293140732318345,0.024664662719144387,100,0,0,0,1000,418240104
193,0.317,0.01007439626730422,0.01007439626730422,9.110022712307117e-05,100,0,0,0,1000,993845577
194,0.232,0.013041279069877176,0.013041279069877176,0.01977675337685105,100,0,0,0,1000,391434283
195,0.512,0.005324406116554159,0.005324406116554159,0.0006639678523903863,100,0,0,0,1000,1214915002
196,0.378,0.00791928998409086,0.00791928998409086,0.014363192058570251,100,0,0,0,1000,1943521344
197,0.127,0.02377351159603791,0.02377351159603791,9.175451052983344e-05,100,0,0,0,1000,687299420
198,0.811,0.0006185391730233469,0.0006185391730233469,0.0037745022214543938,100,0,0,0,1000,1356741974
199,0.834,0.00026145368620422715,0.00026145368620422715,0.0005535320315494583,100,0,0,0,1000,2141942839
200,0.231,0.002550355871342558,0.002550355871342558,0.0009360951467158406,500,0,0,0,1000,1987094495
201,0.126,0.005161524601207668,0.005161524601207668,8.606365417679693e-05,500,0,0,0,1000,678307382
202,0.236,0.002902293654261978,0.002902293654261978,0.002434153338148595,500,0,0,0,1000,13467750
203,0.205,0.00307678755798102,0.00307678755798102,0.008347562843019903,500,0,0,0,1000,1492181559
204,0.988,6.765788356233315e-07,6.765788356233315e-07,7.912283690484055e-05,500,0,0,0,1000,1962174692
205,0.06,0.006971668278784038,0.006971668278784038,0.001092537895008984,500,0,0,0,1000,1537561946
206,0.986,5.841458315947179e-07,5.841458315947179e-07,0.001503004030873868,500,0,0,0,1000,969950582
207,0.873,6.394028078460234e-05,6.394028078460234e-05,0.0031162076425033233,500,0,0,0,1000,112975195
208,0.522,0.0008529938827886996,0.0008529938827886996,0.005779466015380196,500,0,0,0,1000,2030309312
209,0.455,0.001059424401682274,0.001059424401682274,4.650036630343327e-05,500,0,0,0,1000,125548542
210,0.355,0.0017288823178387425,0.0017288823178387425,5.516530245277905e-07,500,0,0,0,1000,243813787
211,0.477,0.0010643673622692251,0.0010643673622692251,0.0024473608483857948,500,0,0,0,1000,477234878
212,0.128,0.00408295011448101,0.00408295011448101,0.0018038621149593778,500,0,0,0,1000,1652019617
213,0.205,0.003100837719770211,0.003100837719770211,0.00040917414895260724,500,0,0,0,1000,1725043488
214,0.887,4.6687942100498425e-05,4.6687942100498425e-05,3.920062085438011e-05,500,0,0,0,1000,799058926
215,0.681,0.00031779856918223715,0.00031779856918223715,0.005352664182083421,500,0,0,0,1000,1736056610
216,0.462,0.001081454514676894,0.001081454514676894,0.0010489233928903602,500,0,0,0,1000,1157098618
217,0.151,0.004513456753806544,0.004513456753806544,0.0011945232782335999,500,0,0,0,1000,410387912
218,0.846,9.469152970320582e-05,9.469152970320582e-05,6.388168876213296e-05,500,0,0,0,1000,1478705244
219,0.441,0.0010709818800818116,0.0010709818800818116,6.14764025005924e-05,500,0,0,0,1000,1068938667
220,0.84,9.805107216964704e-05,9.805107216964704e-05,0.00026453846469318403,500,0,0,0,1000,2016747450
221,0.818,9.518928640106505e-05,9.518928640106505e-05,0.0027737323665317838,500,0,0,0,1000,1040501257
222,0.229,0.0029292867643311293,0.0029292867643311293,0.0038373293114357127,500,0,0,0,1000,565550551
223,0.06,0.007515303331845136,0.007515303331845136,0.0020862922916494403,500,0,0,0,1000,1139690804
224,0.279,0.0022983965974360254,0.0022983965974360254,0.001128550108008369,500,0,0,0,1000,627156227
225,0.85,6.81865575840046e-05,6.81865575840046e-05,2.386927973688194e-05,500,0,0,0,1000,316074790
226,0.525,0.0007557461454661407,0.0007557461454661407,0.0005762302892947122,500,0,0,0,1000,1471331399
227,0.717,0.000297342769676745,0.000297342769676745,0.00014728621771286892,500,0,0,0,1000,2086486974
228,0.534,0.0007398465279006006,0.0007398465279006006,0.0014312189382014021,500,0,0,0,1000,472091933
229,0.109,0.005218098687547301,0.005218098687547301,0.00011032310683121164,500,0,0,0,1000,155353731
230,0.481,0.0009288091454081604,0.0009288091454081604,1.9116717452270294e-05,500,0,0,0,1000,483564986
231,0.82,0.00012461104462313521,0.00012461104462313521,0.0004956192307394666,500,0,0,0,1000,817451988
232,0.848,6.014248998398308e-05,6.014248998398308e-05,0.0008436949710852329,500,0,0,0,1000,867151058
233,0.524,0.0008583475388407313,0.0008583475388407313,0.00025157651065340974,500,0,0,0,1000,1468069384
234,0.904,3.3897790269077355e-05,3.3897790269077355e-05,0.0019061598272650522,500,0,0,0,1000,251087621
235,0.898,3.968718023894535e-05,3.968718023894535e-05,0.0006412922076765592,500,0,0,0,1000,1182526639
236,0.056,0.007029914521800795,0.007029914521800795,6.936431445987786e-05,500,0,0,0,1000,695477852
237,0.891,4.681125883376769e-05,4.681125883376769e-05,2.3112689554378365e-11,500,0,0,0,1000,843009247
238,0.275,0.0021912409568504154,0.0021912409568504154,7.807685237349507e-05,500,0,0,0,1000,2029367932
239,0.024,0.009559592884285428,0.009559592884285428,0.0031120795273884556,500,0,0,0,1000,609764127
240,0.119,0.005102040977587485,0.005102040977587485,0.0013794901082001092,500,0,0,0,1000,1876278600
241,0.254,0.00255886885315193,0.00255886885315193,0.017358979779280713,500,0,0,0,1000,1009486793
242,0.653,0.000413651560412176,0.000413651560412176,0.00031139732826296676,500,0,0,0,1000,2011300680
243,0.997,9.666379641171119e-08,9.666379641171119e-08,0.0078031554469572394,500,0,0,0,1000,1939166233
244,0.292,0.002151051392458969,0.002151051392458969,0.002005239529117531,500,0,0,0,1000,663377871
245,0.887,4.101948418355761e-05,4.101948418355761e-05,0.0004851183124010618,500,0,0,0,1000,1581372366
246,0.0,0.038336745122878546,0.038336745122878546,7.886715573066473e-05,500,0,0,0,1000,617659245
247,0.896,4.004901809417927e-05,4.004901809417927e-05,0.00044223732655094926,500,0,0,0,1000,1394034251
248,0.219,0.0028025364650996476,0.0028025364650996476,0.0021852895297591064,500,0,0,0,1000,637645367
249,0.962,4.998048481863471e-06,4.998048481863471e-06,0.0037628666734901427,500,0,0,0,1000,1425822073
250,0.32,0.0018979275478957502,0.0018979275478957502,0.0017194773717657773,500,0,0,0,1000,2100921707
251,0.378,0.0014508398620531882,0.0014508398620531882,0.0012655176789530872,500,0,0,0,1000,1549068715
252,0.435,0.0013258680900025688,0.0013258680900025688,0.0007179087035678442,500,0,0,0,1000,1116373564
253,0.89,4.12769420337078e-05,4.12769420337078e-05,0.004078591800040645,500,0,0,0,1000,651853129
254,0.091,0.005753100053471183,0.005753100053471183,0.0002723559314449833,500,0,0,0,1000,470892203
255,0.251,0.002623818689506785,0.002623818689506785,0.003708404367024819,500,0,0,0,1000,1698277980
256,0.156,0.004150389414596667,0.004150389414596667,0.007004527575668633,500,0,0,0,1000,1630055221
257,0.325,0.0018574636128058097,0.0018574636128058097,0.0008375035230903592,500,0,0,0,1000,1357411248
258,0.578,0.0006240887360734471,0.0006240887360734471,1.0931875380040974e-05,500,0,0,0,1000,1456714463
259,0.793,0.00014002593849338218,0.00014002593849338218,0.004425055905440646,500,0,0,0,1000,1580137769
260,0.774,0.00014535219706901525,0.00014535219706901525,0.0011164919780407314,500,0,0,0,1000,16337649
261,0.754,0.0002166849278856242,0.0002166849278856242,0.011020472716171919,500,0,0,0,1000,1906065605
262,0.1,0.005236249734031917,0.005236249734031917,0.0003340735784438382,500,0,0,0,1000,1997411089
263,0.5,0.0009262113513534009,0.0009262113513534009,0.002450544069508038,500,0,0,0,1000,1325791341
264,0.197,0.002862906910697016,0.002862906910697016,0.001523660593605355,500,0,0,0,1000,336621442
265,0.096,0.005649755477103557,0.005649755477103557,5.5907039054329695e-05,500,0,0,0,1000,671007817
266,0.512,0.0008802391525432052,0.0008802391525432052,0.00019315699866723598,500,0,0,0,1000,747075703
267,0.689,0.0003522794515741223,0.0003522794515741223,4.875303757101943e-06,500,0,0,0,1000,739777774
268,0.369,0.0014159311023295151,0.0014159311023295151,0.0013539896215252949,500,0,0,0,1000,1048847344
269,0.576,0.0006441419387930303,0.0006441419387930303,0.0007003108213263918,500,0,0,0,1000,273392220
270,0.461,0.0010412599725216909,0.0010412599725216909,0.0014495614752688415,500,0,0,0,1000,821841198
271,0.34,0.0018484253310999677,0.0018484253310999677,7.676465685195591e-05,500,0,0,0,1000,1950916523
272,0.542,0.0007504608197070883,0.0007504608197070883,0.00409536408231831,500,0,0,0,1000,349760639
273,0.198,0.0036275987166721757,0.0036275987166721757,0.0001824977624925785,500,0,0,0,1000,467644329
274,0.807,0.00011969928230359805,0.00011969928230359805,0.011968508132609862,500,0,0,0,1000,1978715782
275,0.88,5.5782361116918366e-05,5.5782361116918366e-05,0.00014146637862615092,500,0,0,0,1000,1267004105
276,0.696,0.00030688392897093575,0.00030688392897093575,0.00034107901326655684,500,0,0,0,1000,1146795332
277,0.307,0.002019413462409303,0.002019413462409303,0.00878490707226907,500,0,0,0,1000,712763071
278,0.533,0.0008582744571297152,0.0008582744571297152,0.0026672231045694623,500,0,0,0,1000,1284596864
279,0.913,2.45465607019435e-05,2.45465607019435e-05,0.0023782425082807816,500,0,0,0,1000,812493699
280,0.022,0.009875516310651644,0.009875516310651644,1.0345032238794267e-05,500,0,0,0,1000,248704388
281,0.958,4.686380451923711e-06,4.686380451923711e-06,0.001796745900395692,500,0,0,0,1000,596879482
282,0.658,0.0004736341487343587,0.0004736341487343587,0.0022459563289028966,500,0,0,0,1000,2075138894
283,0.989,1.521239201274227e-07,1.521239201274227e-07,0.00020113880624412117,500,0,0,0,1000,2069770151
284,0.291,0.0022692592101661857,0.0022692592101661857,1.8456073361957108e-05,500,0,0,0,1000,1720882266
285,0.274,0.0023598998600621313,0.0023598998600621313,0.0012474771458037188,500,0,0,0,1000,144547492
286,0.796,0.0001455625678746797,0.0001455625678746797,0.001907495466678773,500,0,0,0,1000,1005049248
287,0.264,0.0027111239824170186,0.0027111239824170186,0.0010926420359874218,500,0,0,0,1000,1669007539
288,0.6,0.0005225208705951223,0.0005225208705951223,1.389118870950678e-05,500,0,0,0,1000,496044269
289,0.839,9.703296100838088e-05,9.703296100838088e-05,0.0012724717541299823,500,0,0,0,1000,1069723213
290,0.023,0.010318160642495355,0.010318160642495355,0.0034585520699758113,500,0,0,0,1000,1380123804
291,0.42,0.0014022808163015599,0.0014022808163015599,0.0003454297951628446,500,0,0,0,1000,1738259679
292,0.066,0.006954002935779524,0.006954002935779524,1.8184387325143073e-05,500,0,0,0,1000,806274340
293,0.094,0.005556920791323305,0.005556920791323305,0.0013895703636549934,500,0,0,0,1000,1339683599
294,0.269,0.0024645180671879485,0.0024645180671879485,0.00037339559852568284,500,0,0,0,1000,858779360
295,0.789,0.00012063008585971868,0.00012063008585971868,2.8572382013776776e-05,500,0,0,0,1000,1417216060
296,0.889,4.3495001924576115e-05,4.3495001924576115e-05,4.75393366178457e-05,500,0,0,0,1000,633470412
297,0.162,0.0040314041342438545,0.0040314041342438545,0.0002421397659658273,500,0,0,0,1000,2116755562
298,0.036,0.009701142751474823,0.009701142751474823,0.0002740883537429848,500,0,0,0,1000,546529783
299,0.975,1.2746033998256578e-06,1.2746033998256578e-06,1.1233706689227479e-07,500,0,0,0,1000,2032764853
300,0.353,0.0007619035069398317,0.0007619035069398317,0.000847460538593057,1000,0,0,0,1000,1548149423
301,0.424,0.0006915947065045946,0.0006915947065045946,0.0007912830739433137,1000,0,0,0,1000,210203277
302,0.617,0.00025283244152540796,0.00025283244152540796,0.00043428147167053744,1000,0,0,0,1000,578590728
303,0.559,0.00034234311801428774,0.00034234311801428774,0.0002819994419954867,1000,0,0,0,1000,971733569
304,0.033,0.004506239496463227,0.004506239496463227,0.0007435863337201433,1000,0,0,0,1000,671424520
305,0.486,0.0005692608675178512,0.0005692608675178512,0.0006861246856818609,1000,0,0,0,1000,23439615
306,0.016,0.005149593984861256,0.005149593984861256,0.0011007650170551137,1000,0,0,0,1000,160464391
307,0.052,0.0036259300643260994,0.0036259300643260994,0.0014414785915983263,1000,0,0,0,1000,1445368980
308,0.755,9.673999316495152e-05,9.673999316495152e-05,2.8296084078628353e-06,1000,0,0,0,1000,1901487125
309,0.078,0.0027690460553148055,0.0027690460553148055,0.00010978794538909519,1000,0,0,0,1000,1141599638
310,0.984,5.977803786416658e-07,5.977803786416658e-07,5.939724729170831e-05,1000,0,0,0,1000,841999559
311,0.204,0.0015121257386291331,0.0015121257386291331,0.0001210790977970919,1000,0,0,0,1000,403682153
312,0.284,0.0011644838866170515,0.0011644838866170515,0.0006127469383283139,1000,0,0,0,1000,754349477
313,0.516,0.00042902364037156193,0.00042902364037156193,0.00014428141939190457,1000,0,0,0,1000,393531159
314,0.399,0.0007394515507000987,0.0007394515507000987,2.5543280283811167e-05,1000,0,0,0,1000,2009165302
315,0.537,0.0003691857382780439,0.0003691857382780439,0.0003672789659794582,1000,0,0,0,1000,2101481335
316,0.588,0.00028671623616216557,0.00028671623616216557,0.0004198263238340344,1000,0,0,0,1000,1919733716
317,0.186,0.001667221144811215,0.001667221144811215,0.00030139462020692805,1000,0,0,0,1000,1495143244
318,0.437,0.0005503446360186626,0.0005503446360186626,0.002037779126772709,1000,0,0,0,1000,1836871218
319,0.317,0.0010127434347571018,0.0010127434347571018,0.0021076712103352702,1000,0,0,0,1000,516702213
320,0.348,0.0008868255861513852,0.0008868255861513852,0.0009133212599501767,1000,0,0,0,1000,2113976509
321,0.792,6.569964823133212e-05,6.569964823133212e-05,0.0003074600671378355,1000,0,0,0,1000,327671161
322,0.969,2.003405763728594e-06,2.003405763728594e-06,0.0015690121157080005,1000,0,0,0,1000,420235834
323,0.577,0.0002839290529498273,0.0002839290529498273,0.00018510400443426576,1000,0,0,0,1000,1102015340
324,0.658,0.00020849854064164397,0.00020849854064164397,1.5380234023613166e-05,1000,0,0,0,1000,128522697
325,0.869,2.1382483937015806e-05,2.1382483937015806e-05,2.6023913515565505e-05,1000,0,0,0,1000,810170410
326,0.695,0.00015272333994453824,0.00015272333994453824,0.0035296603087541707,1000,0,0,0,1000,482705854
327,0.634,0.00023245113400482964,0.00023245113400482964,0.00032306949294086883,1000,0,0,0,1000,1511069959
328,0.09,0.0027476768896841364,0.0027476768896841364,0.0019029702826324128,1000,0,0,0,1000,284393996
329,0.001,0.009664770779201581,0.009664770779201581,0.0003378301874662485,1000,0,0,0,1000,732993442
330,0.414,0.0006042631425007272,0.0006042631425007272,1.181373257490607e-05,1000,0,0,0,1000,1271415053
331,0.983,6.984089607753319e-07,6.984089607753319e-07,0.00100266862942292,1000,0,0,0,1000,1188274814
332,0.18,0.0017291763889301093,0.0017291763889301093,0.0009190448821996162,1000,0,0,0,1000,1233907190
333,0.971,1.6531855642210047e-06,1.6531855642210047e-06,0.00020241484393883626,1000,0,0,0,1000,1391894861
334,0.248,0.0013669368356420408,0.0013669368356420408,0.005386623697659976,1000,0,0,0,1000,1237570
335,0.835,3.7019173983687814e-05,3.7019173983687814e-05,8.523270560440094e-05,1000,0,0,0,1000,344676718
336,0.113,0.0025132107444152396,0.0025132107444152396,8.437224238247168e-06,1000,0,0,0,1000,660244773
337,0.785,8.939276107011729e-05,8.939276107011729e-05,0.000777423234105599,1000,0,0,0,1000,1888147204
338,0.007,0.006660619540452495,0.006660619540452495,0.00018242205433350217,1000,0,0,0,1000,200702477
339,0.114,0.0022246831076571105,0.0022246831076571105,0.00012072727469665851,1000,0,0,0,1000,432684747
340,0.545,0.0003658695155881464,0.0003658695155881464,0.00016971443690365538,1000,0,0,0,1000,1228110302
341,0.948,2.7404215694470935e-06,2.7404215694470935e-06,9.418595462201496e-06,1000,0,0,0,1000,1447808833
342,0.608,0.0002723762943432906,0.0002723762943432906,0.0005679169467534115,1000,0,0,0,1000,1680697781
343,0.562,0.00036901744066086817,0.00036901744066086817,8.739774026350985e-05,1000,0,0,0,1000,1297620635
344,0.8,7.25062230604312e-05,7.25062230604312e-05,0.00030213508144795524,1000,0,0,0,1000,200061720
345,0.213,0.0015638017431244267,0.0015638017431244267,0.001465939647318502,1000,0,0,0,1000,1779430749
346,0.061,0.0033186607643943544,0.0033186607643943544,8.099384699675505e-06,1000,0,0,0,1000,332080916
347,0.755,9.468092181785792e-05,9.468092181785792e-05,0.000977366313397844,1000,0,0,0,1000,2051946937
348,0.37,0.0007689249537294884,0.0007689249537294884,0.005247919217843932,1000,0,0,0,1000,813711167
349,0.53,0.0003867225582225853,0.0003867225582225853,0.00025193617182503475,1000,0,0,0,1000,2132012859
350,0.769,8.894388617985971e-05,8.894388617985971e-05,0.00035319994690963903,1000,0,0,0,1000,296407222
351,0.977,6.429948066211111e-07,6.429948066211111e-07,0.000778826103343489,1000,0,0,0,1000,1373474209
352,0.402,0.0007676153738646052,0.0007676153738646052,3.811926290875167e-05,1000,0,0,0,1000,1757385764
353,0.442,0.0006253321121589828,0.0006253321121589828,0.0010217320972767247,1000,0,0,0,1000,773901366
354,0.568,0.00032771558998623274,0.00032771558998623274,0.00029362260080518235,1000,0,0,0,1000,1530209443
355,0.774,6.408803104440697e-05,6.408803104440697e-05,3.152966339799589e-05,1000,0,0,0,1000,1331141520
356,0.507,0.00045266930604481725,0.00045266930604481725,0.00022311188061518726,1000,0,0,0,1000,193753640
357,0.164,0.002023925905222046,0.002023925905222046,0.00036439628956604525,1000,0,0,0,1000,2011942003
358,0.429,0.0006396866229338993,0.0006396866229338993,9.529591560609415e-06,1000,0,0,0,1000,1600633216
359,0.139,0.0022364570236210746,0.0022364570236210746,0.0011107119673196626,1000,0,0,0,1000,353856049
360,0.29,0.0012287590034574247,0.0012287590034574247,0.00011236227985223376,1000,0,0,0,1000,447521206
361,0.387,0.0007446471538478106,0.0007446471538478106,0.00064837066834295,1000,0,0,0,1000,813757082
362,0.005,0.007705180816061419,0.007705180816061419,0.0008662708348956302,1000,0,0,0,1000,1456022084
363,0.703,0.00014717839610078887,0.00014717839610078887,0.00025839508945538713,1000,0,0,0,1000,1913141375
364,0.159,0.001968557230627388,0.001968557230627388,0.00011120559068707639,1000,0,0,0,1000,1240717904
365,0.116,0.0024730211935941604,0.0024730211935941604,0.00035829427804311695,1000,0,0,0,1000,21452240
366,0.362,0.0008859617722828395,0.0008859617722828395,0.0010454934608592368,1000,0,0,0,1000,483479473
367,0.287,0.0010860096801150743,0.0010860096801150743,9.30471462575425e-05,1000,0,0,0,1000,1506146626
368,0.374,0.0007585722750912405,0.0007585722750912405,0.00011513688712213295,1000,0,0,0,1000,373372419
369,0.505,0.0004215096731864376,0.0004215096731864376,3.1215444430983137e-05,1000,0,0,0,1000,794357173
370,0.325,0.0010009451699399818,0.0010009451699399818,4.971142345985197e-05,1000,0,0,0,1000,1764282106
371,0.213,0.001623155600592896,0.001623155600592896,0.001650528918645974,1000,0,0,0,1000,1818405403
372,0.102,0.0026067933405530264,0.0026067933405530264,0.0005330427850301808,1000,0,0,0,1000,1215721019
373,0.008,0.008872685958614346,0.008872685958614346,0.001118832092202368,1000,0,0,0,1000,644388376
374,0.39,0.0007552248860255295,0.0007552248860255295,5.130658276681756e-05,1000,0,0,0,1000,795025915
375,0.963,1.7671979926081605e-06,1.7671979926081605e-06,0.0007150499005263315,1000,0,0,0,1000,384616759
376,0.719,0.00011094753581242234,0.00011094753581242234,0.0009397082818249023,1000,0,0,0,1000,1352901305
377,0.755,0.00010816452571849045,0.00010816452571849045,1.1110048552694451e-05,1000,0,0,0,1000,83482779
378,0.035,0.004560100349948026,0.004560100349948026,2.0674143900563077e-08,1000,0,0,0,1000,333638186
379,0.72,0.00012988686719539455,0.00012988686719539455,0.0007407775013594986,1000,0,0,0,1000,1049570817
380,0.862,3.6635146125396645e-05,3.6635146125396645e-05,0.0003998042380839105,1000,0,0,0,1000,1022525120
381,0.007,0.007913488721265183,0.007913488721265183,0.0020197280675657405,1000,0,0,0,1000,896337349
382,0.648,0.00022691813460318233,0.00022691813460318233,0.0013484769622226225,1000,0,0,0,1000,1323679876
383,0.546,0.0003937748741050795,0.0003937748741050795,0.004987817957116978,1000,0,0,0,1000,749165377
384,0.71,0.0001328037361063572,0.0001328037361063572,0.0008079366050721604,1000,0,0,0,1000,849359575
385,0.235,0.0013591787503816066,0.0013591787503816066,0.0005469342445155836,1000,0,0,0,1000,1438089372
386,0.882,2.3855134039019177e-05,2.3855134039019177e-05,0.0003032542490780446,1000,0,0,0,1000,1388536238
387,0.891,2.5094176165141313e-05,2.5094176165141313e-05,0.00120384959603729,1000,0,0,0,1000,1545719080
388,0.625,0.00021984036417510566,0.00021984036417510566,0.005034868296440534,1000,0,0,0,1000,770683894
389,0.942,5.8632822914628235e-06,5.8632822914628235e-06,0.0016253528620800868,1000,0,0,0,1000,1845549543
390,0.274,0.0013179112846126717,0.0013179112846126717,0.0004392159407489732,1000,0,0,0,1000,739188018
391,0.26,0.0013474000180989654,0.0013474000180989654,0.0003071783852173691,1000,0,0,0,1000,2116993586
392,0.78,9.146812430327333e-05,9.146812430327333e-05,0.00393033991870841,1000,0,0,0,1000,1470863178
393,0.269,0.0012519126606198583,0.0012519126606198583,1.545518562400512e-06,1000,0,0,0,1000,1493564161
394,0.5,0.00045847217717653876,0.00045847217717653876,3.1134760874597636e-07,1000,0,0,0,1000,192014405
395,0.815,8.482682242350048e-05,8.482682242350048e-05,0.0015152351851240495,1000,0,0,0,1000,556384515
396,0.714,0.00015976665383643507,0.00015976665383643507,4.866008805965453e-05,1000,0,0,0,1000,2095862752
397,0.99,2.558122744744651e-07,2.558122744744651e-07,0.0006693740317998855,1000,0,0,0,1000,1173199204
398,0.222,0.0014791694208567963,0.0014791694208567963,0.0025011567150107143,1000,0,0,0,1000,1147663079
399,0.483,0.00047255672213630806,0.00047255672213630806,0.0023116238092443678,1000,0,0,0,1000,1373321510
400,0.612,0.0034328800602743126,0.0034328800602743126,0.0015361198797592423,50,0.1,0,0,1000,1516881528
401,0.523,0.009178395739730116,0.009178395739730116,0.0003725722608055528,50,0.1,0,0,1000,1312263580
402,0.51,0.009317122912727016,0.009317122912727016,0.001449671918132173,50,0.1,0,0,1000,693629996
403,0.159,0.03830661097372956,0.03830661097372956,0.0009135668501357617,50,0.1,0,0,1000,1374009444
404,0.151,0.047307523186665645,0.047307523186665645,0.11304627853627339,50,0.1,0,0,1000,2100477362
405,0.995,4.395080134278473e-07,4.395080134278473e-07,0.013735045895208265,50,0.1,0,0,1000,1274379660
406,0.583,0.006483745347069081,0.006483745347069081,0.017942456099153948,50,0.1,0,0,1000,1257193488
407,0.935,0.00011538575201286427,0.00011538575201286427,0.08861042690371874,50,0.1,0,0,1000,178397261
408,0.547,0.00819252526949621,0.00819252526949621,0.02373843828244536,50,0.1,0,0,1000,1661405014
409,0.53,0.00841496098725325,0.00841496098725325,0.050672743780079986,50,0.1,0,0,1000,11637419
410,0.208,0.028255467813827706,0.028255467813827706,0.0024267629833964696,50,0.1,0,0,1000,600210129
411,0.398,0.014312591448850775,0.014312591448850775,0.003766356503010365,50,0.1,0,0,1000,723367403
412,0.871,0.0005510620877271499,0.0005510620877271499,0.0031183946156725802,50,0.1,0,0,1000,1971600045
413,0.821,0.001086531206176522,0.001086531206176522,0.01002719433474488,50,0.1,0,0,1000,1727592314
414,0.512,0.006239337877759099,0.006239337877759099,0.0018354646058850693,50,0.1,0,0,1000,669261687
415,0.706,0.0037247560483016917,0.0037247560483016917,0.025302179539572926,50,0.1,0,0,1000,608859701
416,0.169,0.03906019713250497,0.03906019713250497,0.05128120753860867,50,0.1,0,0,1000,1895789174
417,0.834,0.0009129627358386294,0.0009129627358386294,0.06729472155958346,50,0.1,0,0,1000,1422986154
418,0.662,0.0056351923645953095,0.0056351923645953095,0.1465716898880381,50,0.1,0,0,1000,520825857
419,0.599,0.007762635090078351,0.007762635090078351,0.09367969497734689,50,0.1,0,0,1000,750815364
420,0.337,0.01941504168866892,0.01941504168866892,0.003973501277484918,50,0.1,0,0,1000,612841501
421,0.1,0.05125321033704111,0.05125321033704111,0.00021432471571102558,50,0.1,0,0,1000,537886946
422,0.457,0.011489901101089273,0.011489901101089273,0.002512391357197918,50,0.1,0,0,1000,773943260
423,0.12,0.05211484440181313,0.05211484440181313,1.67574964081881e-05,50,0.1,0,0,1000,1731302245
424,0.226,0.03113926284620261,0.03113926284620261,0.00020210809335454138,50,0.1,0,0,1000,872689026
425,0.972,3.0454481001807032e-05,3.0454481001807032e-05,0.013998259034237343,50,0.1,0,0,1000,1572123007
426,0.627,0.004916320443263511,0.004916320443263511,0.00908692714207401,50,0.1,0,0,1000,976712550
427,0.804,0.001343027273783881,0.001343027273783881,0.08581939308619496,50,0.1,0,0,1000,1614933826
428,0.446,0.01311152218819589,0.01311152218819589,0.01622436891370046,50,0.1,0,0,1000,1758497489
429,0.851,0.0009422168235377892,0.0009422168235377892,0.0021219254831088,50,0.1,0,0,1000,916458514
430,0.401,0.019475573080339537,0.019475573080339537,0.029646773082373876,50,0.1,0,0,1000,1922746482
431,0.373,0.01822429412805826,0.01822429412805826,0.004630672374086105,50,0.1,0,0,1000,1779068911
432,0.995,4.233667613040559e-06,4.233667613040559e-06,0.038208808861051394,50,0.1,0,0,1000,1867982650
433,0.893,0.000206694731771484,0.000206694731771484,0.01393645063019419,50,0.1,0,0,1000,802026278
434,0.482,0.01147476197623809,0.01147476197623809,0.005919567768139354,50,0.1,0,0,1000,2061207024
435,0.372,0.01862400146350407,0.01862400146350407,0.0029453932876820463,50,0.1,0,0,1000,1844194671
436,0.71,0.002577181771393655,0.002577181771393655,0.005323887221523954,50,0.1,0,0,1000,1579265277
437,0.644,0.006005369133027405,0.006005369133027405,0.010627928033031512,50,0.1,0,0,1000,109288569
438,0.545,0.0065953778999836565,0.0065953778999836565,0.022436262543808008,50,0.1,0,0,1000,39206332
439,1.0,0.0007783327403690921,0.0007783327403690921,0.0031989926945528817,50,0.1,0,0,1000,693882699
440,0.948,0.00011982837134072444,0.00011982837134072444,0.003429153891194024,50,0.1,0,0,1000,1117579214
441,0.98,3.403304258275952e-05,3.403304258275952e-05,0.024160038814929088,50,0.1,0,0,1000,1322692126
442,0.285,0.020668893257835275,0.020668893257835275,0.009656171827177418,50,0.1,0,0,1000,269580479
443,0.934,0.00019716974678996024,0.00019716974678996024,0.024083819195830802,50,0.1,0,0,1000,855857995
444,0.948,0.00010507785016300453,0.00010507785016300453,0.0028440053104627477,50,0.1,0,0,1000,114720214
445,0.192,0.03354092503144546,0.03354092503144546,0.002647800002198597,50,0.1,0,0,1000,1672686166
446,0.293,0.025028269670588688,0.025028269670588688,0.0012406994697013612,50,0.1,0,0,1000,1975448642
447,0.926,0.0002215784253130071,0.0002215784253130071,0.01776114449074104,50,0.1,0,0,1000,1677039532
448,0.909,0.00028921385923752485,0.00028921385923752485,0.004297885519271409,50,0.1,0,0,1000,1688647437
449,0.151,0.038863897551731474,0.038863897551731474,0.006957899349478225,50,0.1,0,0,1000,1366875818
450,0.944,0.00012385924765057066,0.00012385924765057066,0.015160638879781587,50,0.1,0,0,1000,490749372
451,0.173,0.041037934360047434,0.041037934360047434,0.024890155694398845,50,0.1,0,0,1000,157271406
452,0.855,0.0008039883946612258,0.0008039883946612258,0.006459852871436386,50,0.1,0,0,1000,1516849025
453,0.076,0.06615207986658633,0.06615207986658633,0.001304148170859393,50,0.1,0,0,1000,2111006403
454,0.046,0.07821425140482308,0.07821425140482308,0.027204612170781187,50,0.1,0,0,1000,1857904031
455,0.958,5.151395044988849e-05,5.151395044988849e-05,0.017997676273267114,50,0.1,0,0,1000,884234200
456,0.023,0.1000927888047084,0.1000927888047084,8.665364577434063e-06,50,0.1,0,0,1000,1183250192
457,0.929,0.00012866426217739146,0.00012866426217739146,8.216305632635931e-05,50,0.1,0,0,1000,1074985839
458,0.874,0.0004577224790888179,0.0004577224790888179,0.0007099118561534836,50,0.1,0,0,1000,1499102024
459,0.974,1.7044428421320035e-05,1.7044428421320035e-05,0.027819702168521577,50,0.1,0,0,1000,1608581473
460,0.106,0.05681602254953799,0.05681602254953799,0.0029989158934902315,50,0.1,0,0,1000,485610040
461,0.685,0.003710170207293695,0.003710170207293695,0.03932074921523104,50,0.1,0,0,1000,2047059008
462,0.048,0.09641246707208773,0.09641246707208773,0.00010037686469145982,50,0.1,0,0,1000,1575851733
463,0.149,0.04168278269175252,0.04168278269175252,0.02584856726747045,50,0.1,0,0,1000,398510049
464,0.637,0.004853089991534665,0.004853089991534665,9.047370851340319e-05,50,0.1,0,0,1000,1169583679
465,0.117,0.050946033730077334,0.050946033730077334,0.0003009680933480024,50,0.1,0,0,1000,623133097
466,0.066,0.06440900808966621,0.06440900808966621,0.0045877573702499275,50,0.1,0,0,1000,933846053
467,0.49,0.009552057787165946,0.009552057787165946,0.1590483111064428,50,0.1,0,0,1000,330727960
468,0.676,0.005028035683977361,0.005028035683977361,0.04156494615366762,50,0.1,0,0,1000,329667813
469,0.547,0.008037292121125028,0.008037292121125028,0.002278243613148869,50,0.1,0,0,1000,1411859646
470,0.379,0.01638378047882738,0.01638378047882738,0.006042012451675557,50,0.1,0,0,1000,667916386
471,0.707,0.0024430612905488314,0.0024430612905488314,0.004195404907870045,50,0.1,0,0,1000,424538557
472,0.652,0.004342394258677107,0.004342394258677107,0.0017049162837313556,50,0.1,0,0,1000,447684257
473,0.033,0.08660914587992163,0.08660914587992163,0.000840537087727783,50,0.1,0,0,1000,1517977492
474,0.378,0.018678297977340552,0.018678297977340552,0.02580364924190333,50,0.1,0,0,1000,1297374212
475,0.838,0.0014933664585722317,0.0014933664585722317,0.10730097809638174,50,0.1,0,0,1000,127057290
476,0.278,0.02434273339160764,0.02434273339160764,0.006962281158179349,50,0.1,0,0,1000,338971694
477,0.017,0.11210822674775578,0.11210822674775578,0.02447540401211209,50,0.1,0,0,1000,1811027485
478,0.298,0.022661529550420334,0.022661529550420334,0.019625909782560184,50,0.1,0,0,1000,1779640382
479,0.205,0.033936236428083855,0.033936236428083855,0.057315741821496236,50,0.1,0,0,1000,1669493791
480,0.55,0.008356561383672023,0.008356561383672023,0.08314541001777595,50,0.1,0,0,1000,1953382769
481,0.818,0.0012367966372831551,0.0012367966372831551,0.005991510776781899,50,0.1,0,0,1000,1200064224
482,0.748,0.0022088292886641714,0.0022088292886641714,0.00029213867745588084,50,0.1,0,0,1000,359424403
483,0.839,0.0010000385955750701,0.0010000385955750701,0.01827869602768826,50,0.1,0,0,1000,1527888457
484,0.959,7.936730603308462e-05,7.936730603308462e-05,0.015176739195346827,50,0.1,0,0,1000,991389080
485,0.447,0.011562799537446877,0.011562799537446877,2.7358094446069168e-05,50,0.1,0,0,1000,767761008
486,0.91,0.00038864207037070386,0.00038864207037070386,0.012551398141104632,50,0.1,0,0,1000,307374506
487,0.689,0.0042909769473639114,0.0042909769473639114,0.0031391260989014802,50,0.1,0,0,1000,331877931
488,0.805,0.0015558348376883968,0.0015558348376883968,0.04535393942179033,50,0.1,0,0,1000,2006320268
489,0.499,0.00827654068042838,0.00827654068042838,0.0013379511832946611,50,0.1,0,0,1000,773308798
490,0.657,0.004528183651280271,0.004528183651280271,0.00804051800328535,50,0.1,0,0,1000,286793650
491,0.696,0.0034038416409670758,0.0034038416409670758,0.007259985729471758,50,0.1,0,0,1000,343904027
492,0.039,0.08088379037686566,0.08088379037686566,0.004385681026148799,50,0.1,0,0,1000,79399453
493,0.169,0.03796435024851175,0.03796435024851175,0.0029748245201921568,50,0.1,0,0,1000,145150250
494,0.385,0.016543051930934194,0.016543051930934194,0.01075417382659096,50,0.1,0,0,1000,1583059669
495,0.938,0.00011151323789049261,0.00011151323789049261,0.07040860910250418,50,0.1,0,0,1000,743401662
496,0.697,0.0031327962549922983,0.0031327962549922983,0.0005370945014961288,50,0.1,0,0,1000,1065729376
497,0.231,0.02821580247796529,0.02821580247796529,0.016005320377663612,50,0.1,0,0,1000,1568827092
498,0.828,0.0010192692444639384,0.0010192692444639384,0.030019243122635247,50,0.1,0,0,1000,981701973
499,0.047,0.07662183260102318,0.07662183260102318,0.006178150959153128,50,0.1,0,0,1000,1870836248
500,0.786,0.0007961819172781492,0.0007961819172781492,0.010882657206542558,100,0.1,0,0,1000,1331548379
501,0.087,0.028542942374115143,0.028542942374115143,0.001966627017201126,100,0.1,0,0,1000,2105207024
502,0.806,0.0005961680620520937,0.0005961680620520937,0.0003501266077475269,100,0.1,0,0,1000,680373863
503,0.317,0.010530120304500734,0.010530120304500734,0.026253172764036794,100,0.1,0,0,1000,1640051166
504,0.045,0.034757123759070696,0.034757123759070696,0.004931998788077704,100,0.1,0,0,1000,9249011
505,0.401,0.006172188522945654,0.006172188522945654,0.0008088916463149759,100,0.1,0,0,1000,756004136
506,0.039,0.044783230425905485,0.044783230425905485,0.002368211240245454,100,0.1,0,0,1000,519272463
507,0.987,4.421708216129083e-06,4.421708216129083e-06,0.016311911104192302,100,0.1,0,0,1000,217999627
508,0.902,0.00020625052656597642,0.00020625052656597642,0.0012414891897696723,100,0.1,0,0,1000,550527497
509,0.08,0.03232358313188155,0.03232358313188155,0.01002553345865783,100,0.1,0,0,1000,2042035288
510,0.123,0.02253688560008027,0.02253688560008027,0.017677981382353103,100,0.1,0,0,1000,1846002099
511,0.788,0.0007330532038117843,0.0007330532038117843,0.004792432696597275,100,0.1,0,0,1000,601312476
512,0.213,0.015331559452388399,0.015331559452388399,0.006534327203782975,100,0.1,0,0,1000,1479270935
513,0.56,0.004074001167416741,0.004074001167416741,0.08770049144041404,100,0.1,0,0,1000,79955
514,0.569,0.003930102359390952,0.003930102359390952,0.010110728683976177,100,0.1,0,0,1000,1935742102
515,0.25,0.014739614582363725,0.014739614582363725,0.00224022873642412,100,0.1,0,0,1000,558003567
516,0.56,0.003635452360668312,0.003635452360668312,3.102066057837754e-06,100,0.1,0,0,1000,69349162
517,0.368,0.008475875826979729,0.008475875826979729,0.00323177811075781,100,0.1,0,0,1000,1706333194
518,0.068,0.030559451434047147,0.030559451434047147,0.021953678323841954,100,0.1,0,0,1000,40847557
519,0.788,0.0008728655373810845,0.0008728655373810845,0.05276874400147912,100,0.1,0,0,1000,2109432456
520,0.779,0.0009427553510785724,0.0009427553510785724,0.0026058910246340317,100,0.1,0,0,1000,146272569
521,0.791,0.0007952109677715757,0.0007952109677715757,0.019771238941949026,100,0.1,0,0,1000,664703404
522,0.028,0.050038257669598685,0.050038257669598685,0.004533301265988558,100,0.1,0,0,1000,2114804908
523,0.764,0.0008208032314054314,0.0008208032314054314,0.00481887195888333,100,0.1,0,0,1000,1353203434
524,0.547,0.0033491091732411604,0.0033491091732411604,0.0007576164257461434,100,0.1,0,0,1000,1255216659
525,0.02,0.0380549428999325,0.0380549428999325,0.001061874560239151,100,0.1,0,0,1000,1444821539
526,0.863,0.00031696767711608675,0.00031696767711608675,9.865011385892786e-06,100,0.1,0,0,1000,178294214
527,0.689,0.001921029118419293,0.001921029118419293,0.0004983695406525386,100,0.1,0,0,1000,895862592
528,0.906,0.00011546003814022487,0.00011546003814022487,0.005237828975535128,100,0.1,0,0,1000,389310272
529,0.541,0.003864173649130387,0.003864173649130387,0.0010662172504609083,100,0.1,0,0,1000,1546015169
530,0.185,0.016776931069752532,0.016776931069752532,0.0037047516607182094,100,0.1,0,0,1000,167456199
531,0.319,0.009102891758797416,0.009102891758797416,0.001796976614953996,100,0.1,0,0,1000,1501913505
532,0.058,0.03913686474767519,0.03913686474767519,0.0008946524851909228,100,0.1,0,0,1000,851579436
533,0.502,0.004869147152365971,0.004869147152365971,0.011667604588932685,100,0.1,0,0,1000,1760258187
534,0.12,0.021475519311638824,0.021475519311638824,0.0006762553161938964,100,0.1,0,0,1000,1098886812
535,0.167,0.020248254374136132,0.020248254374136132,0.026087804501610422,100,0.1,0,0,1000,1468747931
536,0.026,0.05027292531551697,0.05027292531551697,0.000465879548274602,100,0.1,0,0,1000,959250546
537,0.91,0.00017125928351169328,0.00017125928351169328,0.01133460088673417,100,0.1,0,0,1000,725922590
538,0.871,0.0002219810774828357,0.0002219810774828357,0.00025613875800559546,100,0.1,0,0,1000,175051918
539,0.812,0.0004997879319837972,0.0004997879319837972,0.022743486748171726,100,0.1,0,0,1000,905183372
540,0.264,0.012711840960185405,0.012711840960185405,0.007066846930039736,100,0.1,0,0,1000,1067275575
541,0.314,0.010496494545936375,0.010496494545936375,0.004475818015244336,100,0.1,0,0,1000,2110644415
542,0.736,0.001047444406353737,0.001047444406353737,0.0001693931304099431,100,0.1,0,0,1000,534336014
543,0.33,0.010369453191033107,0.010369453191033107,0.0026557998472222866,100,0.1,0,0,1000,710049374
544,0.79,0.0007567804168889802,0.0007567804168889802,0.0005989834925953588,100,0.1,0,0,1000,1427911801
545,0.956,3.6066025318359785e-05,3.6066025318359785e-05,0.005160902266316795,100,0.1,0,0,1000,294677267
546,0.233,0.014113418066472372,0.014113418066472372,0.002720061272702638,100,0.1,0,0,1000,1014496269
547,0.113,0.02383463164708477,0.02383463164708477,0.01757530119128285,100,0.1,0,0,1000,1427969432
548,0.51,0.0041083870925011645,0.0041083870925011645,0.005666740043026957,100,0.1,0,0,1000,842854709
549,0.45,0.0059813771316235,0.0059813771316235,0.01457865039180998,100,0.1,0,0,1000,865234824
550,0.203,0.018117022732404675,0.018117022732404675,0.00026875680293887976,100,0.1,0,0,1000,1917567477
551,0.498,0.004378804279775772,0.004378804279775772,0.00011971232526958166,100,0.1,0,0,1000,1110478537
552,0.259,0.013845057684334194,0.013845057684334194,0.018911516852039786,100,0.1,0,0,1000,42997884
553,0.431,0.006149576119640288,0.006149576119640288,0.003692462031913651,100,0.1,0,0,1000,1905260736
554,0.023,0.050134994377249775,0.050134994377249775,0.01928222056195659,100,0.1,0,0,1000,1919655771
555,0.076,0.03442227348140514,0.03442227348140514,0.006348608089940229,100,0.1,0,0,1000,123639718
556,0.298,0.011278681492161269,0.011278681492161269,0.046445750403397025,100,0.1,0,0,1000,1454391218
557,0.803,0.0005877048554576714,0.0005877048554576714,0.0037624679675180824,100,0.1,0,0,1000,504694713
558,0.511,0.004245557843168157,0.004245557843168157,0.002884411981956057,100,0.1,0,0,1000,455818541
559,0.648,0.0024247912745840594,0.0024247912745840594,0.028577555472276212,100,0.1,0,0,1000,426902541
560,0.274,0.013535479303062425,0.013535479303062425,0.02479970163490198,100,0.1,0,0,1000,350319180
561,0.033,0.04323088228242544,0.04323088228242544,0.0005944719027619729,100,0.1,0,0,1000,1857169275
562,0.465,0.005717580517695775,0.005717580517695775,9.438304389598072e-05,100,0.1,0,0,1000,759898229
563,0.392,0.0069564999505205005,0.0069564999505205005,2.332652964818846e-05,100,0.1,0,0,1000,1216062749
564,0.656,0.0020077792944773742,0.0020077792944773742,0.00046751349358862046,100,0.1,0,0,1000,1024420632
565,0.225,0.013318466574964383,0.013318466574964383,0.0035314639941001224,100,0.1,0,0,1000,785680002
566,0.937,6.069886712145589e-05,6.069886712145589e-05,0.0059308303849704164,100,0.1,0,0,1000,1909218476
567,0.077,0.030264096268621143,0.030264096268621143,0.0005927949698015167,100,0.1,0,0,1000,1291501415
568,0.391,0.008558634334010384,0.008558634334010384,0.0030293152977674356,100,0.1,0,0,1000,1472612256
569,0.766,0.0007837850837194571,0.0007837850837194571,0.025203537203888616,100,0.1,0,0,1000,1932272041
570,0.223,0.015397537603847433,0.015397537603847433,0.018916050717029818,100,0.1,0,0,1000,183040085
571,0.182,0.018481941756786302,0.018481941756786302,0.013481841902114017,100,0.1,0,0,1000,101669644
572,0.144,0.019199406006327302,0.019199406006327302,0.0009364707795477016,100,0.1,0,0,1000,1149684335
573,0.297,0.0105562005709533,0.0105562005709533,0.001959158519434792,100,0.1,0,0,1000,2047651781
574,0.276,0.012234577591192397,0.012234577591192397,0.0001932380279202428,100,0.1,0,0,1000,1247622947
575,0.137,0.02114091628263537,0.02114091628263537,0.031015417767897176,100,0.1,0,0,1000,2017395404
576,0.017,0.07235023861704992,0.07235023861704992,0.022999978119385135,100,0.1,0,0,1000,1512821439
577,0.922,8.02411882525611e-05,8.02411882525611e-05,0.005637297483891976,100,0.1,0,0,1000,38957803
578,0.402,0.0070582649900089445,0.0070582649900089445,0.00627225469332039,100,0.1,0,0,1000,875219032
579,0.381,0.00773411935909496,0.00773411935909496,0.004903684450634476,100,0.1,0,0,1000,1141069783
580,0.669,0.0018841392576280924,0.0018841392576280924,0.000942126254014509,100,0.1,0,0,1000,1697765002
581,0.931,9.16242117451338e-05,9.16242117451338e-05,0.0005748601743251233,100,0.1,0,0,1000,150792542
582,0.794,0.0006711078505466928,0.0006711078505466928,0.010485436595411951,100,0.1,0,0,1000,1019226188
583,0.421,0.0067922515520666416,0.0067922515520666416,0.01193485231624907,100,0.1,0,0,1000,817720513
584,0.25,0.013913447895188225,0.013913447895188225,0.004833162575564043,100,0.1,0,0,1000,1594921887
585,0.509,0.005034324293949011,0.005034324293949011,0.003259469145938612,100,0.1,0,0,1000,2130946257
586,0.791,0.0007207911012916401,0.0007207911012916401,0.013720198101107044,100,0.1,0,0,1000,429952335
587,0.594,0.0029316539715422696,0.0029316539715422696,0.0019310963908377643,100,0.1,0,0,1000,450330101
588,0.834,0.0005349438164927722,0.0005349438164927722,0.0019024431832697683,100,0.1,0,0,1000,6119380
589,0.654,0.0022926785328396537,0.0022926785328396537,0.013187063241857321,100,0.1,0,0,1000,1568958217
590,0.886,0.00023302856343443423,0.00023302856343443423,6.496331006276523e-06,100,0.1,0,0,1000,1756838687
591,0.807,0.0006533363394123359,0.0006533363394123359,0.02141717360514804,100,0.1,0,0,1000,725387265
592,0.637,0.0023532931239766963,0.0023532931239766963,0.012640319213072916,100,0.1,0,0,1000,461122186
593,0.675,0.001894238980689189,0.001894238980689189,0.016939240329658538,100,0.1,0,0,1000,1824225633
594,0.577,0.0032802265580078593,0.0032802265580078593,0.025832498914596533,100,0.1,0,0,1000,1745691250
595,0.763,0.0009569253821942736,0.0009569253821942736,0.002670821612630375,100,0.1,0,0,1000,1204894091
596,0.286,0.011013235884291595,0.011013235884291595,0.012391713979378024,100,0.1,0,0,1000,248682476
597,0.308,0.010697921626727891,0.010697921626727891,0.014284833867366134,100,0.1,0,0,1000,639511293
598,0.564,0.0036074192773963842,0.0036074192773963842,0.003394698410722397,100,0.1,0,0,1000,2071961468
599,0.725,0.0016504400504507855,0.0016504400504507855,0.006035255027670041,100,0.1,0,0,1000,1967147732
600,0.476,0.0010786399616344866,0.0010786399616344866,0.0006753008136609473,500,0.1,0,0,1000,507577167
601,0.194,0.003554800802337388,0.003554800802337388,0.0010305152504334208,500,0.1,0,0,1000,89551625
602,0.684,0.0003750876127949221,0.0003750876127949221,1.6429077128132607e-05,500,0.1,0,0,1000,2045027796
603,0.039,0.009520317626385832,0.009520317626385832,0.005563151404104215,500,0.1,0,0,1000,152873852
604,0.92,2.2100928427692956e-05,2.2100928427692956e-05,0.0019539373688711387,500,0.1,0,0,1000,1572163275
605,0.387,0.001473927277557463,0.001473927277557463,0.0010552713562264593,500,0.1,0,0,1000,1689490534
606,0.849,6.357981431903692e-05,6.357981431903692e-05,1.1663094261509146e-05,500,0.1,0,0,1000,1519257227
607,0.402,0.0014864542771030331,0.0014864542771030331,0.0094036559764544,500,0.1,0,0,1000,2011979477
608,0.35,0.001892717555658452,0.001892717555658452,0.0022167815022620346,500,0.1,0,0,1000,1979140600
609,0.586,0.0005916176278339957,0.0005916176278339957,0.0004510764929309559,500,0.1,0,0,1000,511685193
610,0.081,0.006378038213024739,0.006378038213024739,0.00010943523541435926,500,0.1,0,0,1000,1703973369
611,0.148,0.004228679910811328,0.004228679910811328,7.980337632187734e-05,500,0.1,0,0,1000,1547587290
612,0.475,0.0010611820016522833,0.0010611820016522833,0.002119233697698176,500,0.1,0,0,1000,642323093
613,0.593,0.0005426609336666166,0.0005426609336666166,1.202924354525876e-06,500,0.1,0,0,1000,570612491
614,0.365,0.0015361837576304271,0.0015361837576304271,8.061021903862073e-05,500,0.1,0,0,1000,1345017277
615,0.9,3.709361809922651e-05,3.709361809922651e-05,8.781252435355498e-05,500,0.1,0,0,1000,1072938373
616,0.475,0.000994595042437263,0.000994595042437263,0.0014747985290725254,500,0.1,0,0,1000,357392131
617,0.943,1.2377740020830252e-05,1.2377740020830252e-05,8.233896334298531e-07,500,0.1,0,0,1000,1407933093
618,0.547,0.0007771043400662814,0.0007771043400662814,0.0005947886809877991,500,0.1,0,0,1000,872082236
619,0.453,0.001049788126715634,0.001049788126715634,5.297330177556277e-05,500,0.1,0,0,1000,1297818558
620,0.618,0.00046312317825392135,0.00046312317825392135,0.0007741982725864283,500,0.1,0,0,1000,595888875
621,0.243,0.002578937933369163,0.002578937933369163,0.0006653601114851385,500,0.1,0,0,1000,2006685884
622,0.267,0.002557047381493427,0.002557047381493427,6.432971119638302e-05,500,0.1,0,0,1000,1208686437
623,0.83,8.306633660049023e-05,8.306633660049023e-05,0.0016183280295118693,500,0.1,0,0,1000,1105293837
624,0.395,0.0013961726937727903,0.0013961726937727903,0.0028576152604930815,500,0.1,0,0,1000,760195150
625,0.28,0.0023401757219392305,0.0023401757219392305,0.0009737060744925517,500,0.1,0,0,1000,178008304
626,0.302,0.0021170684358360337,0.0021170684358360337,0.0011165508533805325,500,0.1,0,0,1000,1182729508
627,0.242,0.0026638129844045455,0.0026638129844045455,0.002204165037703894,500,0.1,0,0,1000,1470347154
628,0.53,0.0007971138940107148,0.0007971138940107148,0.0005040915516838844,500,0.1,0,0,1000,210729067
629,0.387,0.0014250898331020778,0.0014250898331020778,0.0025342636086381556,500,0.1,0,0,1000,1110590756
630,0.056,0.007029634333965973,0.007029634333965973,0.00010197223988435268,500,0.1,0,0,1000,1159012759
631,0.495,0.0009916392207716118,0.0009916392207716118,0.0002822195267751896,500,0.1,0,0,1000,329280308
632,0.582,0.0006227146379529369,0.0006227146379529369,0.0004368545169093766,500,0.1,0,0,1000,513004005
633,0.11,0.005005893649247972,0.005005893649247972,0.004827305139938505,500,0.1,0,0,1000,1878180269
634,0.693,0.0002618482252122467,0.0002618482252122467,0.0013911793478642845,500,0.1,0,0,1000,2084960858
635,0.68,0.00037410045835151173,0.00037410045835151173,0.0010344162851573927,500,0.1,0,0,1000,1835370378
636,0.342,0.0020518157749735977,0.0020518157749735977,0.006023411944971751,500,0.1,0,0,1000,2106862114
637,0.274,0.0023736753107759245,0.0023736753107759245,6.911038952667672e-06,500,0.1,0,0,1000,85845010
638,0.607,0.0006036960866521168,0.0006036960866521168,0.0011016936350313595,500,0.1,0,0,1000,1020451773
639,0.244,0.0025809485680303723,0.0025809485680303723,0.0002852636831375683,500,0.1,0,0,1000,415591053
640,0.34,0.0017310354372002124,0.0017310354372002124,9.431271552618927e-05,500,0.1,0,0,1000,1831321314
641,0.592,0.0005270863454307495,0.0005270863454307495,0.005440680941391028,500,0.1,0,0,1000,1221946590
642,0.612,0.0005352142330219412,0.0005352142330219412,0.0010206985096522369,500,0.1,0,0,1000,1100554409
643,0.177,0.0036584543701250194,0.0036584543701250194,0.00011669784769835782,500,0.1,0,0,1000,284615424
644,0.679,0.0003350764600572598,0.0003350764600572598,0.0038554931460035346,500,0.1,0,0,1000,2033095401
645,0.399,0.0014052573247403943,0.0014052573247403943,0.00026464082340896424,500,0.1,0,0,1000,681876872
646,0.544,0.0008680348881768829,0.0008680348881768829,0.00020824453083950886,500,0.1,0,0,1000,1527428061
647,0.911,2.639672212356725e-05,2.639672212356725e-05,3.8738960009680496e-05,500,0.1,0,0,1000,26891308
648,0.0,0.033244073072078884,0.033244073072078884,0.014072585480613098,500,0.1,0,0,1000,1908639620
649,0.816,0.00011826007648751968,0.00011826007648751968,0.000330430797315762,500,0.1,0,0,1000,1897562770
650,0.166,0.0037764276636004235,0.0037764276636004235,0.00022561015543375024,500,0.1,0,0,1000,988876307
651,0.856,6.92727276683236e-05,6.92727276683236e-05,0.00020982764179423182,500,0.1,0,0,1000,1705563386
652,0.022,0.009631974267575893,0.009631974267575893,0.0010498495186933702,500,0.1,0,0,1000,1897959083
653,0.253,0.002510764910013785,0.002510764910013785,0.00045481216057102525,500,0.1,0,0,1000,1755234810
654,0.532,0.0007447368204571703,0.0007447368204571703,0.0026536766687852353,500,0.1,0,0,1000,2100329538
655,0.629,0.0005100069169076127,0.0005100069169076127,0.00016607936205050204,500,0.1,0,0,1000,1228627806
656,0.34,0.0018867479279787158,0.0018867479279787158,0.005043575963454236,500,0.1,0,0,1000,797344306
657,0.426,0.0012830738060312097,0.0012830738060312097,0.0033063318854554143,500,0.1,0,0,1000,806018414
658,0.497,0.0011207541753004424,0.0011207541753004424,0.0010305208785638328,500,0.1,0,0,1000,1085951416
659,0.02,0.012792247921305289,0.012792247921305289,0.004394853327214638,500,0.1,0,0,1000,267562940
660,0.009,0.012575498285625986,0.012575498285625986,0.0014162716929561727,500,0.1,0,0,1000,905099732
661,0.241,0.002758629797175116,0.002758629797175116,0.003408671408213216,500,0.1,0,0,1000,776971844
662,0.193,0.0030547955076741795,0.0030547955076741795,0.0007527173767738413,500,0.1,0,0,1000,1031935181
663,0.532,0.0007720719799652054,0.0007720719799652054,1.1096197751124512e-06,500,0.1,0,0,1000,315884992
664,0.651,0.0004040694886204843,0.0004040694886204843,0.0014841649131445626,500,0.1,0,0,1000,1784170845
665,0.602,0.0004919708281022617,0.0004919708281022617,6.29407747287886e-05,500,0.1,0,0,1000,1862006460
666,0.672,0.0003326948630251181,0.0003326948630251181,0.0008609718084428441,500,0.1,0,0,1000,1771543092
667,0.585,0.0006174499485493978,0.0006174499485493978,0.003238473699931846,500,0.1,0,0,1000,469668210
668,0.084,0.006074227262660825,0.006074227262660825,0.02390619468300185,500,0.1,0,0,1000,868960133
669,0.4,0.0014683882094115308,0.0014683882094115308,0.0002967158856370945,500,0.1,0,0,1000,1907407806
670,0.157,0.0035993216818732687,0.0035993216818732687,0.00769185980304694,500,0.1,0,0,1000,1770500053
671,0.583,0.0005037679944155382,0.0005037679944155382,0.0004315201933642997,500,0.1,0,0,1000,1350034292
672,0.599,0.0006557708797144679,0.0006557708797144679,0.007119126614415667,500,0.1,0,0,1000,852788954
673,0.194,0.003746398613819868,0.003746398613819868,0.004485283567172103,500,0.1,0,0,1000,361835191
674,0.127,0.0045711031004974645,0.0045711031004974645,0.0007278786016740027,500,0.1,0,0,1000,1206862338
675,0.793,0.00018344634972200513,0.00018344634972200513,0.004299377568581688,500,0.1,0,0,1000,828133093
676,0.94,9.879156304681835e-06,9.879156304681835e-06,0.0015258954558905729,500,0.1,0,0,1000,425448013
677,0.076,0.0062735039928700775,0.0062735039928700775,0.003590620008354112,500,0.1,0,0,1000,495009661
678,0.608,0.0005220851699171414,0.0005220851699171414,0.0030407497594132312,500,0.1,0,0,1000,1986031766
679,0.919,2.0837942302120993e-05,2.0837942302120993e-05,0.0008386622850443151,500,0.1,0,0,1000,766584091
680,0.977,1.6877891724220717e-06,1.6877891724220717e-06,0.0039626764209250995,500,0.1,0,0,1000,1442212356
681,0.869,5.120060250496383e-05,5.120060250496383e-05,0.00032404628601438083,500,0.1,0,0,1000,1230647643
682,0.56,0.0006976349743063048,0.0006976349743063048,0.0005977987637583422,500,0.1,0,0,1000,979836908
683,0.141,0.004449973741886937,0.004449973741886937,2.3613111440971603e-05,500,0.1,0,0,1000,735472064
684,0.217,0.0028270571655109045,0.0028270571655109045,0.0001502391281605847,500,0.1,0,0,1000,580517590
685,0.623,0.0005111948532532384,0.0005111948532532384,0.00025835754567228,500,0.1,0,0,1000,2022707039
686,0.009,0.013531037124804635,0.013531037124804635,0.004496504570843359,500,0.1,0,0,1000,2138629672
687,0.393,0.0014134908143135227,0.0014134908143135227,2.2260911062585002e-07,500,0.1,0,0,1000,2065622747
688,0.139,0.004498706783830353,0.004498706783830353,0.0006493934371217027,500,0.1,0,0,1000,184382510
689,0.816,0.00010250929590083224,0.00010250929590083224,0.0006174069482773613,500,0.1,0,0,1000,931702666
690,0.821,0.00011967570660809113,0.00011967570660809113,5.431630596987384e-05,500,0.1,0,0,1000,1098101445
691,0.353,0.0018118460925607982,0.0018118460925607982,0.00018270999058232445,500,0.1,0,0,1000,942805243
692,0.796,0.00011677452591940529,0.00011677452591940529,0.00872476580107247,500,0.1,0,0,1000,337692034
693,0.051,0.007292715181315468,0.007292715181315468,1.0855893326151249e-05,500,0.1,0,0,1000,1425209944
694,0.175,0.0036849404581058565,0.0036849404581058565,0.00019714211265141213,500,0.1,0,0,1000,1517363989
695,0.033,0.008520956136800373,0.008520956136800373,0.002086123666362039,500,0.1,0,0,1000,2100416774
696,0.439,0.0010976449654943599,0.0010976449654943599,0.00017537558845665747,500,0.1,0,0,1000,678244977
697,0.752,0.0001682292940973218,0.0001682292940973218,0.00013828831001147821,500,0.1,0,0,1000,1817663697
698,0.166,0.004039024928497281,0.004039024928497281,0.00023050479776541444,500,0.1,0,0,1000,553362048
699,0.028,0.009056776109820475,0.009056776109820475,0.0013392169265053866,500,0.1,0,0,1000,1449876825
700,0.707,0.0001381995570264305,0.0001381995570264305,0.00014063608308013826,1000,0.1,0,0,1000,120520673
701,0.527,0.00039126796554256327,0.00039126796554256327,1.9423879450882143e-06,1000,0.1,0,0,1000,1624274262
702,0.632,0.00024598196470837497,0.00024598196470837497,4.956996745549085e-05,1000,0.1,0,0,1000,1782770214
703,0.724,0.0001093504580520488,0.0001093504580520488,0.00013128412510778425,1000,0.1,0,0,1000,1202014852
704,0.136,0.002405849940977589,0.002405849940977589,2.7976356778072897e-05,1000,0.1,0,0,1000,998077734
705,0.113,0.0024563820047404095,0.0024563820047404095,0.00023240083357187232,1000,0.1,0,0,1000,27033624
706,0.738,0.00013032349924912978,0.00013032349924912978,3.586905465917449e-05,1000,0.1,0,0,1000,889265592
707,0.398,0.0007008095780176582,0.0007008095780176582,4.9877749349236305e-05,1000,0.1,0,0,1000,1044424085
708,0.525,0.00037564945304369157,0.00037564945304369157,9.913765829985116e-05,1000,0.1,0,0,1000,1762926711
709,0.402,0.0008089530225706687,0.0008089530225706687,6.466816370807765e-05,1000,0.1,0,0,1000,2137953607
710,0.314,0.0010545281686765717,0.0010545281686765717,0.00016964397622111477,1000,0.1,0,0,1000,266754343
711,0.92,1.1672046330679642e-05,1.1672046330679642e-05,2.3744321461880852e-05,1000,0.1,0,0,1000,1271621458
712,0.498,0.0004996730093317359,0.0004996730093317359,0.00032835353331234023,1000,0.1,0,0,1000,428216523
713,0.079,0.003329355258075095,0.003329355258075095,0.001645040199966001,1000,0.1,0,0,1000,542873978
714,0.312,0.0009656702446243504,0.0009656702446243504,0.0030340135447346314,1000,0.1,0,0,1000,286368658
715,0.068,0.0031497948541228116,0.0031497948541228116,0.000116464645820746,1000,0.1,0,0,1000,789747339
716,0.545,0.0003420394272741767,0.0003420394272741767,0.00020509997153509584,1000,0.1,0,0,1000,2000294665
717,0.639,0.00020760407342068632,0.00020760407342068632,0.0008957401156371817,1000,0.1,0,0,1000,114150947
718,0.379,0.0007641938378316615,0.0007641938378316615,0.0025183668179606738,1000,0.1,0,0,1000,1939959149
719,0.993,3.079302568487208e-08,3.079302568487208e-08,8.48567742321116e-05,1000,0.1,0,0,1000,1772767968
720,0.428,0.0005979508179194681,0.0005979508179194681,0.0016833866156893624,1000,0.1,0,0,1000,2083321613
721,0.662,0.00018115248275041296,0.00018115248275041296,0.0028669150919094365,1000,0.1,0,0,1000,1619865133
722,0.363,0.0007022159350086321,0.0007022159350086321,5.395040222029892e-05,1000,0.1,0,0,1000,217529771
723,0.997,2.926702058481112e-08,2.926702058481112e-08,0.0009938196364494309,1000,0.1,0,0,1000,741284311
724,0.427,0.0006880836608161855,0.0006880836608161855,9.369196586475692e-05,1000,0.1,0,0,1000,641640793
725,0.336,0.0009177023310485977,0.0009177023310485977,3.0313327546239136e-06,1000,0.1,0,0,1000,535510321
726,0.115,0.002366482659345359,0.002366482659345359,6.796988614440215e-06,1000,0.1,0,0,1000,1055640113
727,0.597,0.0003120106139562484,0.0003120106139562484,4.07771889892777e-05,1000,0.1,0,0,1000,2004365737
728,0.458,0.00046394477036149073,0.00046394477036149073,0.0001332784736919652,1000,0.1,0,0,1000,1855422532
729,0.159,0.002008247369333027,0.002008247369333027,0.00212546017833472,1000,0.1,0,0,1000,549556796
730,0.607,0.0002652832524898674,0.0002652832524898674,0.00012074409500469731,1000,0.1,0,0,1000,1764665005
731,0.568,0.0003318435617072346,0.0003318435617072346,0.0006290031788288806,1000,0.1,0,0,1000,909751788
732,0.091,0.0025652083552486493,0.0025652083552486493,0.00021691367187296745,1000,0.1,0,0,1000,958119602
733,0.592,0.00025935509780283805,0.00025935509780283805,0.004547820433210702,1000,0.1,0,0,1000,651342671
734,0.602,0.000296873045450341,0.000296873045450341,0.00010442154354482904,1000,0.1,0,0,1000,321100131
735,0.389,0.0007403256237097366,0.0007403256237097366,2.6188330035613767e-08,1000,0.1,0,0,1000,484557599
736,0.619,0.00028140060041459414,0.00028140060041459414,0.0010061469058829816,1000,0.1,0,0,1000,918675401
737,0.464,0.0005636391234760119,0.0005636391234760119,0.000136089050962971,1000,0.1,0,0,1000,498647682
738,0.098,0.0026667222918561606,0.0026667222918561606,4.3861892887984814e-05,1000,0.1,0,0,1000,1107116147
739,0.369,0.0008655065029631315,0.0008655065029631315,0.00011096004365163128,1000,0.1,0,0,1000,337685453
740,0.126,0.002352946477266027,0.002352946477266027,0.00043815302938558673,1000,0.1,0,0,1000,1829436784
741,0.376,0.0008722226468662608,0.0008722226468662608,0.00041689042760594,1000,0.1,0,0,1000,1668596052
742,0.68,0.00016544627277337298,0.00016544627277337298,0.00015611568717840664,1000,0.1,0,0,1000,789073188
743,0.013,0.005671227257548206,0.005671227257548206,0.0005966832744800741,1000,0.1,0,0,1000,2114098345
744,0.777,6.828505590761313e-05,6.828505590761313e-05,0.007232750132462611,1000,0.1,0,0,1000,722807416
745,0.331,0.0008986204022812805,0.0008986204022812805,4.0863424785791883e-07,1000,0.1,0,0,1000,1652808414
746,0.993,1.3861746428478483e-07,1.3861746428478483e-07,0.000512990058099344,1000,0.1,0,0,1000,1964815653
747,0.162,0.002137947486991365,0.002137947486991365,0.0008774445061236606,1000,0.1,0,0,1000,1379898750
748,0.137,0.002452616371766747,0.002452616371766747,6.259666185611128e-05,1000,0.1,0,0,1000,1487422850
749,0.501,0.0004611796395399548,0.0004611796395399548,0.0013850500930056955,1000,0.1,0,0,1000,1596421171
750,0.37,0.0008360193195069421,0.0008360193195069421,0.00047406557053703924,1000,0.1,0,0,1000,81191522
751,0.237,0.0013902064027512262,0.0013902064027512262,0.00024757578787725464,1000,0.1,0,0,1000,666701465
752,0.369,0.0007948504662913525,0.0007948504662913525,4.9853355427294135e-05,1000,0.1,0,0,1000,909242883
753,0.33,0.0008746249366038406,0.0008746249366038406,4.287943052647129e-06,1000,0.1,0,0,1000,52073828
754,0.301,0.0010085090671810848,0.0010085090671810848,0.0007563472143819552,1000,0.1,0,0,1000,286679959
755,0.811,5.310969715943692e-05,5.310969715943692e-05,0.0005875016852338012,1000,0.1,0,0,1000,1910236733
756,0.593,0.00030265981693711197,0.00030265981693711197,2.3096240480572688e-05,1000,0.1,0,0,1000,440683096
757,0.569,0.0003325301802448166,0.0003325301802448166,0.00022989117721397318,1000,0.1,0,0,1000,1001306848
758,0.421,0.0006440182497901015,0.0006440182497901015,0.00028448917532264303,1000,0.1,0,0,1000,2122792871
759,0.332,0.0009096248621073277,0.0009096248621073277,0.0004836424136887965,1000,0.1,0,0,1000,682261488
760,0.339,0.0009194015334178518,0.0009194015334178518,0.0005357292482547053,1000,0.1,0,0,1000,811340659
761,0.411,0.0006777050139848972,0.0006777050139848972,0.0020207607548476123,1000,0.1,0,0,1000,1602464313
762,0.541,0.00042662963258632836,0.00042662963258632836,0.00021866757845181084,1000,0.1,0,0,1000,1002719606
763,0.171,0.0020110533139662268,0.0020110533139662268,5.722108029679343e-05,1000,0.1,0,0,1000,845253353
764,0.14,0.0021350025570864295,0.0021350025570864295,5.216054813241089e-06,1000,0.1,0,0,1000,617964765
765,0.096,0.002836166914087168,0.002836166914087168,0.00013708937726427547,1000,0.1,0,0,1000,426142202
766,0.132,0.0023722179598136828,0.0023722179598136828,0.00016038698723395248,1000,0.1,0,0,1000,635567244
767,0.809,5.734031878945611e-05,5.734031878945611e-05,8.643868569511985e-06,1000,0.1,0,0,1000,1957311931
768,0.591,0.00029109159090789927,0.00029109159090789927,0.0016402322446998623,1000,0.1,0,0,1000,1264571663
769,0.739,0.00012609193856294443,0.00012609193856294443,0.0001259097948211035,1000,0.1,0,0,1000,1535284410
770,0.888,1.8451574319899855e-05,1.8451574319899855e-05,0.0036600046202244726,1000,0.1,0,0,1000,1359738645
771,0.706,0.00014842669304970801,0.00014842669304970801,1.5059615670633527e-05,1000,0.1,0,0,1000,606637671
772,0.754,8.476333601681318e-05,8.476333601681318e-05,7.731976972289391e-07,1000,0.1,0,0,1000,305283049
773,0.773,9.249594391902427e-05,9.249594391902427e-05,0.0024216971873393433,1000,0.1,0,0,1000,715562869
774,0.105,0.0024239580401633765,0.0024239580401633765,0.0002206239350002919,1000,0.1,0,0,1000,1810187643
775,0.667,0.00017700669169040673,0.00017700669169040673,0.0003517711221490996,1000,0.1,0,0,1000,723340102
776,0.527,0.00038868536800718,0.00038868536800718,2.9133814869115754e-05,1000,0.1,0,0,1000,2130961934
777,0.067,0.0033715493113412043,0.0033715493113412043,0.004000875861432351,1000,0.1,0,0,1000,852200857
778,0.45,0.0005641062685020071,0.0005641062685020071,0.0022631003172593157,1000,0.1,0,0,1000,491290214
779,0.273,0.0011971411859942327,0.0011971411859942327,4.25309637635211e-07,1000,0.1,0,0,1000,2039984912
780,0.011,0.005853939097630323,0.005853939097630323,0.0006850107467536532,1000,0.1,0,0,1000,1664584713
781,0.427,0.0006698043600898984,0.0006698043600898984,0.0016247094583310767,1000,0.1,0,0,1000,2044479626
782,0.829,4.6345332481601e-05,4.6345332481601e-05,0.0006157206518468608,1000,0.1,0,0,1000,747230232
783,0.639,0.0002060292289650656,0.0002060292289650656,0.0004920305039603426,1000,0.1,0,0,1000,381854288
784,0.905,1.781210823548207e-05,1.781210823548207e-05,0.0022417864612718844,1000,0.1,0,0,1000,1553003503
785,0.902,1.6228584986399675e-05,1.6228584986399675e-05,0.0009601872095390107,1000,0.1,0,0,1000,1175129040
786,0.772,9.12926265707048e-05,9.12926265707048e-05,0.003053623427781015,1000,0.1,0,0,1000,1311049362
787,0.488,0.00044571343243060557,0.00044571343243060557,8.468461068530638e-05,1000,0.1,0,0,1000,1105085124
788,0.817,5.8830613401616993e-05,5.8830613401616993e-05,0.000614730599285849,1000,0.1,0,0,1000,694497352
789,0.347,0.0009430557142191542,0.0009430557142191542,0.0006092805429109355,1000,0.1,0,0,1000,26315024
790,0.938,6.361639690144472e-06,6.361639690144472e-06,0.0008462243291549127,1000,0.1,0,0,1000,988818304
791,0.709,0.00015023061622621015,0.00015023061622621015,4.356106138205631e-05,1000,0.1,0,0,1000,827049399
792,0.047,0.0035839810521636206,0.0035839810521636206,5.882821783313119e-05,1000,0.1,0,0,1000,61536810
793,0.321,0.0009686117332063926,0.0009686117332063926,0.0017389288984743705,1000,0.1,0,0,1000,451911966
794,0.465,0.0004908962431010577,0.0004908962431010577,0.00023893771536210754,1000,0.1,0,0,1000,213972095
795,0.452,0.0006087609048986975,0.0006087609048986975,8.536523635619661e-05,1000,0.1,0,0,1000,705446769
796,0.03,0.0046504749736702156,0.0046504749736702156,5.480620687376282e-06,1000,0.1,0,0,1000,766038215
797,0.926,8.497252848238546e-06,8.497252848238546e-06,0.0003590952179203836,1000,0.1,0,0,1000,13275141
798,0.787,7.524965796379401e-05,7.524965796379401e-05,0.003227437354694207,1000,0.1,0,0,1000,431482049
799,0.665,0.00022410621637669603,0.00022410621637669603,0.0066054015947893206,1000,0.1,0,0,1000,420920042
